time,Afghanistan,Albania,Algeria,Andorra,Angola,Antarctica,Antigua and Barbuda,Argentina,Armenia,Australia,Austria,Azerbaijan,Bahamas,Bahrain,Bangladesh,Barbados,Belarus,Belgium,Belize,Benin,Bhutan,Bolivia,Bosnia and Herzegovina,Botswana,Brazil,Brunei,Bulgaria,Burkina Faso,Burma,Burundi,Cabo Verde,Cambodia,Cameroon,Canada,Central African Republic,Chad,Chile,China,Colombia,Comoros,Congo (Brazzaville),Congo (Kinshasa),Costa Rica,Cote d'Ivoire,Croatia,Cuba,Cyprus,Czechia,Denmark,Diamond Princess,Djibouti,Dominica,Dominican Republic,Ecuador,Egypt,El Salvador,Equatorial Guinea,Eritrea,Estonia,Eswatini,Ethiopia,Fiji,Finland,France,Gabon,Gambia,Georgia,Germany,Ghana,Greece,Grenada,Guatemala,Guinea,Guinea-Bissau,Guyana,Haiti,Holy See,Honduras,Hungary,Iceland,India,Indonesia,Iran,Iraq,Ireland,Israel,Italy,Jamaica,Japan,Jordan,Kazakhstan,Kenya,Kiribati,"Korea, North","Korea, South",Kosovo,Kuwait,Kyrgyzstan,Laos,Latvia,Lebanon,Lesotho,Liberia,Libya,Liechtenstein,Lithuania,Luxembourg,MS Zaandam,Madagascar,Malawi,Malaysia,Maldives,Mali,Malta,Marshall Islands,Mauritania,Mauritius,Mexico,Micronesia,Moldova,Monaco,Mongolia,Montenegro,Morocco,Mozambique,Namibia,Nauru,Nepal,Netherlands,New Zealand,Nicaragua,Niger,Nigeria,North Macedonia,Norway,Oman,Pakistan,Palau,Panama,Papua New Guinea,Paraguay,Peru,Philippines,Poland,Portugal,Qatar,Romania,Russia,Rwanda,Saint Kitts and Nevis,Saint Lucia,Saint Vincent and the Grenadines,Samoa,San Marino,Sao Tome and Principe,Saudi Arabia,Senegal,Serbia,Seychelles,Sierra Leone,Singapore,Slovakia,Slovenia,Solomon Islands,Somalia,South Africa,South Sudan,Spain,Sri Lanka,Sudan,Summer Olympics 2020,Suriname,Sweden,Switzerland,Syria,Taiwan*,Tajikistan,Tanzania,Thailand,Timor-Leste,Togo,Tonga,Trinidad and Tobago,Tunisia,Turkey,Tuvalu,US,Uganda,Ukraine,United Arab Emirates,United Kingdom,Uruguay,Uzbekistan,Vanuatu,Venezuela,Vietnam,West Bank and Gaza,Winter Olympics 2022,Yemen,Zambia,Zimbabwe
1/1/2023,207616,333811,271229,47751,105095,11,9106,9891139,445976,11132933,5707962,826427,37491,698774,2037125,105515,994037,4668248,69946,27982,62524,1163105,400992,327860,36331281,266819,1292150,22006,633685,51722,63200,138591,123993,4505742,15351,7650,5041878,4612203,6336660,8982,25375,95173,1161687,87941,1264122,1112018,631111,4579980,3432465,712,15690,15760,655540,1040463,515645,201785,17186,10189,611891,74034,498157,68750,1438205,39498188,48980,12586,1808820,37369867,171048,5548487,19644,1204300,38210,8947,72163,33904,29,465915,2185816,207974,44680046,6720181,7561213,2465107,1687668,4764432,25143705,152758,29321601,1746997,1488306,342507,3430,1,29139535,272286,662747,206557,217797,973830,1222515,34490,8043,507142,21276,1288438,311746,9,67735,88220,5027097,185678,32770,116414,15547,63425,289980,7234467,22203,596550,15948,1007266,284756,1271610,230970,170295,4621,1001002,8681537,2101244,15365,9473,266381,345603,1475148,399154,1575817,5971,1023778,46663,792215,4458643,4064779,6368632,5554058,489576,3308480,21495511,132920,6562,29741,9538,15982,23008,6279,827032,88900,2446620,50355,7760,2202756,2657365,1307768,24575,27300,4049319,18368,13684258,671893,63686,865,82020,2674862,4399516,57423,8872746,17786,42351,4723919,23386,39343,16211,186033,1147571,17042722,2805,100769628,169985,5662774,1047065,24365688,1011988,249217,12013,550613,11525284,703228,535,11945,334629,259981
1/2/2023,207627,333812,271229,47751,105095,11,9106,9963697,445976,11132933,5709405,826446,37491,698849,2037156,105515,994037,4668248,69946,27982,62524,1163836,401001,327860,36362366,266819,1292224,22006,633686,51722,63203,138595,123993,4506199,15351,7651,5044258,4637347,6336660,8982,25375,95173,1161687,87941,1264166,1112038,631111,4580077,3432465,712,15690,15760,655540,1040463,515645,201785,17186,10189,611891,74034,498228,68750,1438205,39537275,48980,12586,1808820,37410650,171048,5548487,19644,1204428,38210,8947,72163,33904,29,465915,2185816,207974,44680180,6720443,7561309,2465390,1687668,4765806,25143705,152758,29397865,1746997,1488306,342511,3430,1,29220591,272287,662747,206557,217805,974046,1222912,34490,8043,507142,21276,1288481,311746,9,67735,88220,5027457,185678,32770,116436,15554,63425,289980,7234467,22203,596550,15948,1007266,284795,1271616,230970,170295,4621,1001003,8681537,2101288,15365,9473,266450,345603,1475396,399154,1575817,5971,1023778,46663,792215,4460100,4065173,6368749,5554058,489792,3312085,21499362,132920,6562,29741,9538,15982,23176,6279,827071,88900,2447387,50355,7760,2203146,2657398,1307964,24575,27300,4049366,18368,13684258,671898,63686,865,82020,2674862,4399516,57423,8889346,17786,42351,4723919,23386,39344,16211,186033,1147571,17042722,2805,100777938,169985,5662807,1047109,24365688,1020161,249217,12013,550613,11525336,703228,535,11945,334661,259981
1/3/2023,207654,333812,271230,47751,105095,11,9106,9963697,445976,11135105,5712491,826462,37491,698889,2037187,105515,994037,4668248,70174,27982,62531,1165375,401036,328071,36362366,266819,1292525,22006,633694,52051,63203,138600,123993,4507762,15351,7651,5045602,4661332,6336660,8983,25375,95173,1166842,87945,1264385,1112048,631111,4580954,3438226,712,15690,15760,658863,1040463,515645,201785,17186,10189,612451,74034,498341,68750,1438205,39560482,48980,12586,1809359,37446795,171065,5548487,19660,1204860,38210,8947,72261,33904,29,465915,2185816,208298,44680355,6721095,7561428,2465545,1687668,4766786,25143705,152791,29489769,1746997,1488306,342512,3430,1,29299166,272288,662747,206567,217825,974309,1222945,34790,8043,507153,21296,1289255,313150,9,67750,88220,5027790,185693,32771,116489,15554,63425,291335,7252944,22203,596550,15968,1007422,284835,1271671,230970,170295,4621,1001005,8681547,2124058,15365,9473,266450,345603,1475588,399154,1575854,5971,1025844,46663,792215,4461129,4065173,6369442,5557941,489994,3312085,21502402,133033,6562,29748,9538,15982,23176,6279,827100,88900,2448268,50355,7760,2203702,2657650,1308470,24575,27310,4049454,18368,13684258,671903,63686,865,82020,2674862,4399516,57423,8914351,17786,42351,4723919,23397,39344,16412,186279,1147571,17042722,2805,100866744,169985,5666050,1047157,24366197,1020161,249766,12013,550624,11525408,703228,535,11945,334695,259981
1/4/2023,207715,333818,271236,47751,105095,11,9106,9963697,445976,11136734,5716267,826496,37491,698952,2037208,105515,994037,4668248,70174,27982,62531,1167025,401058,328071,36423138,266819,1292778,22006,633696,52051,63207,138609,123993,4508933,15351,7651,5048085,4687167,6336660,8983,25375,95173,1166842,87949,1264770,1112067,631111,4581596,3439086,712,15690,15760,658863,1040463,515645,201785,17186,10189,612451,74034,498452,68750,1438205,39574616,48980,12586,1809359,37475448,171065,5548487,19660,1206255,38210,8947,72261,33904,29,467493,2185816,208298,44680543,6721692,7561541,2465545,1693847,4767996,25143705,152791,29594073,1746997,1488306,342515,3430,1,29363272,272290,662747,206567,217835,974309,1223174,34790,8043,507153,21296,1289767,313150,9,67750,88220,5028223,185693,32771,116522,15554,63425,291335,7257916,22203,596914,15968,1007422,284896,1271718,230970,170295,4621,1001012,8681701,2124077,15365,9473,266450,345857,1475786,399154,1575887,5971,1025844,46663,792215,4460100,4065569,6370008,5557941,490147,3312085,21505701,133033,6562,29748,9538,15982,23176,6279,827128,88900,2449503,50355,7760,2205237,2657865,1310419,24575,27310,4049479,18368,13684258,671903,63686,865,82020,2674862,4399516,57423,8948201,17786,42351,4723919,23397,39344,16412,186279,1147645,17042722,2805,101064860,169985,5666079,1047209,24366259,1020161,249766,12013,550641,11525491,703228,535,11945,334886,259981
1/5/2023,207748,333850,271244,47781,105095,11,9106,9963697,445976,11190571,5719585,826562,37491,699054,2037230,105515,994037,4682234,70174,27982,62538,1168711,401077,328071,36423138,270199,1292778,22006,633700,52162,63207,138615,123993,4520290,15351,7651,5052980,4715239,6343020,8983,25375,95173,1166842,87949,1265075,1112088,631111,4582092,3439956,712,15690,15760,659211,1040463,515645,201785,17186,10189,612451,74034,498552,68771,1446397,39586288,48980,12586,1809359,37496370,171065,5548487,19660,1207914,38210,8947,72261,33912,29,468048,2188737,208298,44680771,6722227,7561624,2465545,1693847,4768748,25143705,152791,29820977,1746997,1488306,342562,3430,1,29420226,272305,662747,206567,217850,974466,1223174,34790,8043,507153,21296,1290252,313421,9,67750,88220,5028794,185693,32771,116553,15554,63429,291335,7257916,22234,596914,15976,1007743,284956,1271786,230970,170295,4621,1001015,8684571,2124092,15466,9473,266450,345857,1475966,399154,1575910,5971,1025844,46663,792215,4460100,4065910,6370533,5557941,490309,3312085,21508942,133033,6571,29748,9552,15991,23176,6279,827152,88900,2450711,50355,7760,2206153,2658031,1311787,24575,27310,4049836,18368,13693478,671916,63702,865,82020,2683356,4403682,57423,8979699,17786,42351,4723919,23399,39345,16487,186279,1147645,17042722,2805,101196089,169985,5666112,1047290,24441793,1020161,249819,12014,550657,11525571,703228,535,11945,335131,259981
1/6/2023,207766,333887,271250,47781,105095,11,9106,9963697,445976,11205520,5722574,826683,37491,699094,2037240,105515,994037,4682234,70174,27982,62538,1168711,401083,328071,36477214,270199,1293142,22006,633709,52162,63207,138617,123993,4523705,15351,7651,5058315,4745734,6343020,8983,25375,95173,1171802,87950,1265287,1112106,634709,4582485,3440519,712,15690,15760,659211,1040463,515645,201785,17186,10189,612451,74034,498630,68771,1446397,39596671,48980,12586,1809359,37509539,171065,5548487,19680,1209481,38210,8947,72397,33912,29,468048,2188737,208298,44680985,6722746,7561701,2465545,1693847,4769677,25279682,152791,30066519,1746997,1488306,342580,3430,1,29473834,272323,662747,206567,217857,974529,1223357,34790,8043,507153,21318,1290587,313505,9,67750,88220,5029337,185693,32771,116593,15554,63429,291335,7271010,22234,596914,15992,1007765,285031,1271823,230970,170295,4621,1001017,8687106,2124568,15466,9473,266450,345857,1476141,399154,1575910,5976,1025844,46663,798231,4466331,4066527,6370996,5557941,490436,3312085,21512371,133033,6571,29759,9552,15991,23176,6279,827172,88900,2451811,50355,7760,2206986,2658192,1312666,24575,27310,4050050,18368,13693478,671923,63702,865,82020,2683356,4403682,57423,9007371,17786,42351,4723919,23402,39346,16487,186279,1147645,17042722,2805,101261277,169985,5669533,1047371,24442197,1020161,249867,12014,550716,11525646,703228,535,11945,335339,259981
1/7/2023,207766,333916,271254,47781,105095,11,9106,9963697,445976,11205520,5724215,826803,37491,699137,2037250,105515,994037,4682234,70174,27982,62538,1168711,401083,328071,36477214,270199,1293216,22006,633713,52162,63207,138622,123993,4524457,15351,7651,5062734,4768765,6343020,8983,25375,95173,1171802,87957,1265333,1112134,634709,4582860,3440519,712,15690,15760,659211,1040463,515645,201785,17186,10189,612451,74034,498660,68771,1446397,39596671,48980,12586,1809359,37509539,171065,5548487,19680,1211008,38210,8947,72397,33912,29,468048,2188737,208298,44681148,6723201,7561808,2465545,1693847,4770235,25279682,152791,30305173,1746997,1488306,342598,3430,1,29520600,272335,662747,206567,217863,974529,1223536,34790,8043,507153,21318,1290888,313505,9,67750,88220,5029908,185693,32771,116630,15554,63429,291335,7271010,22234,596914,15992,1007765,285031,1271868,230970,170295,4621,1001020,8687106,2124582,15466,9473,266463,345857,1476206,399154,1575910,5976,1025844,46663,798231,4466331,4067170,6371116,5557941,490493,3312085,21515655,133033,6571,29759,9552,15991,23176,6279,827190,88900,2452493,50355,7760,2207670,2658243,1313501,24575,27310,4050050,18368,13693478,671927,63702,865,82020,2683356,4403682,57423,9031781,17786,42351,4723919,23402,39346,16487,186279,1147645,17042722,2805,101267132,169985,5669552,1047371,24442197,1020161,249867,12014,550716,11525711,703228,535,11945,335545,259981
1/8/2023,207819,333947,271254,47781,105095,11,9106,9963697,445976,11208893,5726287,826908,37491,699199,2037267,105515,994037,4682234,70174,27982,62538,1172105,401083,328071,36477214,270199,1293261,22006,633717,52162,63207,138628,123993,4525012,15351,7651,5066518,4797126,6343020,8983,25375,95173,1171802,87958,1265494,1112153,634709,4582935,3440519,712,15690,15760,659211,1040463,515645,201785,17186,10189,612451,74053,498669,68771,1446397,39596671,48980,12586,1809359,37509539,171065,5548487,19680,1211214,38210,8947,72397,33912,29,468048,2188737,208298,44681318,6723546,7561925,2465545,1693847,4770615,25279682,152791,30495711,1746997,1488306,342599,3430,1,29539706,272347,662747,206567,217868,974574,1223908,34790,8043,507153,21318,1290919,313505,9,67760,88220,5030313,185693,32771,116655,15554,63429,291335,7283849,22234,596914,15992,1007765,285031,1271881,230970,170295,4621,1001022,8687106,2146242,15466,9473,266463,345857,1476255,399154,1575969,5976,1025844,46663,798231,4469601,4067678,6371259,5557941,490622,3312085,21518745,133033,6571,29759,9552,15991,23176,6279,827213,88900,2453032,50355,7760,2208216,2658271,1313700,24575,27310,4050082,18368,13693478,671929,63702,865,82020,2683356,4403682,57423,9055191,17786,42351,4724916,23402,39346,16487,186279,1147645,17042722,2805,101272842,169985,5669589,1047546,24442197,1020161,249867,12014,550740,11525763,703228,535,11945,335545,259981
1/9/2023,207841,333948,271255,47781,105095,11,9106,10004679,445976,11210155,5728141,826924,37491,699264,2037284,105905,994037,4682234,70174,27982,62551,1172105,401092,328230,36477214,270199,1293491,22023,633724,52162,63209,138635,123993,4528979,15351,7651,5069041,4808767,6343059,8986,25375,95173,1171802,87960,1265530,1112177,634709,4582978,3441737,712,15690,15760,659268,1040463,515645,201785,17186,10189,612451,74053,498733,68771,1446397,39613891,48980,12586,1809359,37540072,171065,5548487,19680,1211421,38210,8947,72397,33912,29,468048,2188737,208298,44681439,6723812,7562060,2465545,1693847,4772306,25279682,152827,30591019,1746997,1488306,342608,3430,1,29599747,272348,662747,206586,217887,974689,1224084,34790,8043,507153,21318,1290948,313594,9,67760,88220,5030696,185702,32771,116678,15554,63429,292368,7283849,22247,596914,15992,1007765,285160,1271887,231219,170295,4621,1001027,8687106,2146242,15466,9473,266463,345857,1476403,399154,1575976,5976,1025844,46663,798231,4469601,4068054,6371362,5557941,490797,3316192,21521470,133063,6571,29759,9552,15991,23290,6279,827246,88900,2454074,50355,7760,2208601,2658286,1313904,24575,27310,4050288,18368,13693478,671937,63702,865,82020,2683356,4403682,57423,9072505,17786,42396,4724916,23403,39349,16487,186279,1147645,17042722,2805,101315853,170209,5669618,1047614,24442197,1025810,250039,12014,550754,11525834,703228,535,11945,335722,259981
1/10/2023,207866,333995,271262,47781,105095,11,9106,10004679,445976,11211305,5731160,826993,37491,699313,2037305,105905,994037,4682234,70397,27982,62551,1174694,401125,328230,36552432,270199,1293684,22023,633726,52162,63214,138638,123993,4530402,15351,7651,5071034,4818146,6343059,8986,25375,95173,1171802,87960,1265719,1112197,634709,4583646,3442231,712,15690,15760,659268,1040463,515645,201785,17186,10189,612843,74053,498832,68771,1446397,39625664,48980,12586,1809359,37562191,171065,5548487,19680,1213139,38210,8947,72538,33969,29,468048,2188737,208459,44681610,6724281,7562169,2465545,1693847,4772746,25279682,152827,30670001,1746997,1488306,342617,4921,1,29654090,272349,662747,206586,217901,974744,1224238,34790,8043,507153,21318,1291464,313718,9,67760,88220,5031076,185702,32771,116704,15554,63429,292368,7284502,22247,597216,16004,1007787,285247,1271942,231219,170295,4621,1001031,8688997,2146258,15466,9473,266463,346095,1476541,399154,1575991,5976,1027247,46663,798231,4470919,4068425,6371866,5557941,490946,3316192,21524480,133063,6573,29759,9552,15991,23290,6279,827275,88900,2455236,50355,7760,2209511,2658560,1315101,24575,27310,4050288,18368,13693478,671942,63702,865,82020,2683356,4404980,57423,9097554,17786,42396,4724916,23403,39349,16487,186685,1147729,17042722,2805,101399138,170209,5669640,1047694,24442197,1025810,250066,12014,550779,11525911,703228,535,11945,335980,259981
1/11/2023,207900,333995,271268,47781,105095,11,9106,10004679,445976,11212455,5734324,827055,37491,699368,2037327,105905,994037,4682234,70397,27982,62551,1174694,401152,328230,36578865,272646,1293812,22025,633730,52380,63217,138642,123993,4531746,15351,7651,5074837,4827425,6343059,8986,25375,95173,1171802,87960,1265966,1112213,634709,4584028,3442612,712,15690,15760,659569,1040463,515645,201785,17186,10189,612843,74053,498914,68771,1446397,39633417,48980,12586,1809359,37581570,171070,5548487,19680,1214861,38210,8947,72538,33969,29,468048,2190334,208459,44681807,6724683,7562275,2465545,1697775,4773876,25279682,152968,30868874,1746997,1488306,342639,4921,1,29698043,272357,662747,206586,217915,974793,1224495,34790,8043,507154,21329,1291759,313806,9,67760,88220,5031443,185702,32772,116730,15554,63435,293386,7284502,22247,597216,16012,1007800,285322,1271981,231219,170369,4621,1001033,8688997,2146308,15507,9473,266463,346095,1476667,399154,1576017,5976,1027247,46663,798231,4471726,4068802,6372236,5557941,491062,3316192,21528662,133063,6574,29759,9563,16008,23290,6279,827305,88900,2456293,50355,7760,2210109,2658745,1315903,24575,27310,4050890,18368,13693478,671948,63702,865,82020,2683356,4404980,57423,9123185,17786,42467,4724916,23404,39350,16590,186685,1147729,17042722,2805,101538756,170279,5669659,1047694,24442231,1025810,250102,12014,550802,11525946,703228,535,11945,336329,259981
1/12/2023,207900,334018,271277,47781,105095,11,9106,10004679,445976,11240698,5736630,827135,37491,699433,2037331,105905,994037,4686147,70397,27982,62551,1176139,401168,328230,36597935,272646,1293949,22025,633731,52380,63220,138651,123993,4536469,15351,7651,5078573,4836767,6343059,8986,25375,95173,1171802,87960,1266148,1112230,634709,4584328,3442972,712,15690,15760,659606,1040463,515645,201785,17186,10189,612843,74053,498977,68793,1448656,39640595,48980,12586,1811015,37594526,171080,5548487,19680,1216040,38210,8947,72538,33969,29,469230,2190334,208459,44681981,6725095,7562371,2465545,1697775,4774558,25279682,152968,31054346,1746997,1488306,342663,4921,1,29737769,272369,662747,206586,217922,974841,1224817,34790,8043,507154,21329,1291759,313882,9,67760,88220,5031826,185702,32772,116763,15554,63435,293386,7297914,22247,597216,16017,1007800,285397,1271989,231219,170369,4621,1001037,8689092,2146379,15507,9473,266463,346095,1476754,399154,1576037,5976,1027247,46663,798231,4473194,4069147,6372577,5557941,491177,3316192,21533294,133063,6578,29759,9563,16008,23290,6279,827332,88900,2457314,50355,7760,2210633,2658893,1316438,24575,27310,4051060,18368,13693478,671954,63702,865,82020,2687840,4404980,57423,9146104,17786,42467,4724916,23405,39350,16590,186685,1147729,17042722,2805,101603736,170279,5669702,1047841,24475530,1025810,250137,12014,550802,11526034,703228,535,11945,336340,259981
1/13/2023,207900,334018,271286,47781,105095,11,9106,10004679,445976,11247412,5738797,827228,37491,699473,2037331,105905,994037,4686147,70397,27982,62551,1177361,401187,328230,36620371,272646,1294070,22025,633741,52380,63220,138659,123993,4537535,15351,7651,5081862,4845027,6343059,8986,25375,95173,1171802,87960,1266259,1112252,638062,4584611,3443287,712,15690,15760,659606,1040463,515645,201785,17186,10189,612843,74053,499041,68793,1448656,39646833,48980,12586,1811015,37605135,171088,5548487,19680,1217439,38210,8947,72638,33969,29,469230,2190334,208459,44682160,6725458,7562446,2465545,1697775,4775255,25363742,152968,31198423,1746997,1488306,342672,4921,1,29774321,272377,662747,206586,217927,974872,1225047,34790,8043,507154,21329,1292278,313952,9,67760,88220,5032146,185702,32772,116781,15554,63435,293386,7309154,22247,597216,16021,1007821,285483,1272022,231219,170369,4621,1001046,8690420,2146415,15507,9506,266463,346095,1476876,399154,1576037,5976,1027247,46663,800163,4473821,4069734,6372901,5557941,491177,3316192,21538333,133063,6578,29759,9563,16008,23290,6279,827358,88900,2458228,50355,7760,2211131,2659077,1316918,24575,27310,4051243,18368,13711251,671959,63702,865,82020,2687840,4404980,57435,9167811,17786,42467,4724916,23405,39350,16590,186685,1147729,17042722,2805,101637051,170279,5672711,1047936,24475895,1025810,250137,12014,550820,11526089,703228,535,11945,336955,259981
1/14/2023,207900,334029,271287,47781,105095,11,9106,10004679,445976,11247412,5740581,827300,37491,699518,2037356,105905,994037,4686147,70397,27982,62551,1178500,401187,328230,36624562,272646,1294116,22025,633741,52380,63220,138659,123993,4538048,15351,7651,5084978,4852776,6343059,8986,25375,95173,1171802,87960,1266405,1112263,638062,4584885,3443287,712,15690,15760,659606,1040463,515645,201785,17186,10189,612843,74053,499082,68793,1448656,39646833,48980,12586,1811015,37605135,171089,5548487,19680,1218292,38210,8947,72638,33969,29,469230,2190334,208459,44682264,6725847,7562495,2465545,1697775,4775751,25363742,152968,31330494,1746997,1488306,342700,4921,1,29806891,272389,662747,206586,217927,974872,1225251,34790,8043,507154,21329,1292523,313952,9,67760,88220,5032433,185702,32772,116801,15554,63435,293386,7309154,22247,597216,16021,1007821,285535,1272043,231219,170369,4621,1001051,8690420,2146418,15507,9506,266463,346095,1476917,399154,1576037,5976,1027247,46663,800163,4474580,4070136,6373238,5557941,491304,3316192,21543375,133063,6578,29759,9563,16008,23290,6279,827372,88900,2458985,50355,7760,2211546,2659130,1317350,24575,27310,4051607,18368,13711251,671963,63702,865,82020,2687840,4404980,57435,9188207,17786,42467,4724916,23405,39350,16590,186685,1147729,17042722,2805,101642336,170279,5672771,1048020,24475895,1025810,250137,12014,550997,11526118,703228,535,11945,336955,259981
1/15/2023,207900,334037,271287,47781,105095,11,9106,10004679,445976,11247412,5742055,827377,37491,699581,2037368,105905,994037,4686147,70397,27982,62551,1179195,401187,328230,36628099,272646,1294152,22025,633750,52380,63220,138662,123993,4538048,15351,7651,5087555,4859037,6343059,8986,25375,95173,1171802,87960,1266483,1112280,638062,4584920,3443287,712,15690,15760,659606,1040463,515645,201785,17186,10189,612843,74053,499111,68793,1448656,39646833,48980,12586,1811015,37605135,171089,5548487,19680,1218471,38210,8947,72638,33969,29,469230,2190334,208459,44682378,6726086,7562610,2465545,1697775,4775990,25363742,152968,31438775,1746997,1488306,342703,4921,1,29821035,272400,662747,206586,217927,974872,1225400,34790,8043,507154,21329,1292560,313952,9,67788,88220,5032677,185702,32772,116820,15554,63435,293386,7314891,22247,597216,16021,1007821,285535,1272050,231219,170369,4621,1001051,8690420,2165599,15507,9506,266463,346095,1476947,399154,1576080,5980,1027247,46663,800163,4475426,4070287,6373315,5557941,491400,3316192,21548111,133063,6578,29759,9563,16008,23290,6279,827391,88900,2459432,50355,7760,2211855,2659236,1317469,24575,27310,4051787,18368,13711251,671964,63702,865,82020,2687840,4404980,57441,9209474,17786,42467,4725885,23405,39351,16590,186685,1147729,17042722,2805,101645654,170279,5672824,1048098,24475895,1025810,250137,12014,550997,11526140,703228,535,11945,337303,259981
1/16/2023,207993,334037,271287,47781,105095,11,9106,10024095,446008,11247412,5743070,827379,37491,699625,2037377,105905,994037,4686147,70397,27989,62577,1180376,401216,328541,36640787,272646,1294318,22025,633753,52380,63221,138664,123993,4540793,15360,7651,5089405,4863690,6343059,8987,25375,95345,1171802,87960,1266503,1112291,638062,4584949,3443287,712,15690,15760,659606,1047624,515645,201785,17186,10189,612843,74086,499145,68793,1448656,39657663,48980,12586,1811015,37622357,171089,5548487,19680,1218692,38224,8947,72638,33969,29,469230,2190334,208459,44682467,6726311,7562755,2465545,1697775,4777213,25363742,152968,31493153,1746997,1488306,342705,4921,1,29861234,272406,662858,206588,217934,974952,1225490,34790,8043,507158,21329,1292586,314003,9,67788,88282,5032904,185702,32772,116838,15554,63435,293386,7314891,22247,597216,16021,1007821,285634,1272053,231404,170413,4621,1001056,8690420,2165610,15507,9506,266463,346095,1477044,399154,1576080,5980,1028272,46663,800163,4475610,4070591,6373370,5557941,491530,3319680,21552364,133063,6581,29759,9563,16008,23290,6279,827422,88900,2459432,50355,7760,2212131,2659251,1317603,24575,27310,4051891,18368,13711251,671966,63717,865,82020,2687840,4404980,57441,9225106,17786,42467,4725885,23406,39352,16590,186685,1147729,17042722,2805,101653171,170279,5672860,1048159,24475895,1029564,250261,12014,551024,11526167,703228,535,11945,337303,259981
1/17/2023,208009,334064,271292,47781,105095,11,9106,10024095,446008,11247412,5744897,827450,37491,699700,2037386,105905,994037,4686147,70555,27989,62577,1181351,401226,328581,36665419,272646,1294475,22025,633763,52380,63222,138665,123993,4541961,15361,7651,5090883,4867556,6343059,8992,25375,95346,1171802,87963,1266619,1112297,638062,4585396,3444124,712,15690,15760,659606,1047624,515645,201785,17186,10189,612843,74086,499200,68793,1448656,39666044,48980,12586,1811015,37637807,171099,5548487,19680,1219421,38224,8947,72720,33969,29,469724,2190334,208539,44682595,6726668,7562868,2465545,1697775,4777213,25363742,153143,31619952,1746997,1495696,342727,4921,1,29898142,272412,662858,206588,217934,975007,1225635,34790,8043,507158,21329,1293100,314076,9,67788,88446,5033254,185708,32772,116864,15554,63664,293386,7315454,22247,597598,16035,1007837,285710,1272090,231404,170496,4621,1001059,8691382,2165613,15507,9506,266463,346297,1477128,399154,1576109,5980,1028272,46663,800163,4476123,4070675,6373880,5557941,491644,3319680,21556354,133078,6581,29759,9563,16008,23370,6279,827453,88900,2461390,50355,7760,2212684,2659408,1318134,24575,27310,4052114,18368,13711251,671968,63717,865,82020,2687840,4406243,57441,9245066,17786,42530,4725885,23407,39352,16590,187204,1150217,17042722,2805,101734426,170279,5672912,1048218,24475895,1029564,250273,12014,551024,11526213,703228,535,11945,337780,259981
1/18/2023,208034,334084,271296,47781,105095,11,9106,10024095,446008,11247412,5747540,827525,37491,699761,2037399,105905,994037,4686147,70555,27989,62577,1181351,401232,328581,36677844,274217,1294604,22025,633777,52429,63223,138668,123993,4543417,15361,7651,5093902,4871355,6348356,8992,25375,95346,1177514,87964,1266749,1112303,638062,4585761,3444329,712,15690,15760,659761,1047624,515645,201785,17186,10189,613218,74086,499228,68793,1448656,39671999,48980,12586,1811015,37649808,171099,5548487,19680,1220203,38224,8947,72720,33969,29,469724,2191200,208539,44682729,6727007,7562998,2465545,1699347,4778802,25363742,153143,31745060,1746997,1495766,342747,4921,1,29927958,272429,662858,206588,217935,975035,1225904,34790,8043,507158,21329,1293405,314142,9,67788,88446,5033625,185708,32772,116882,15554,63664,293386,7315454,22247,597598,16040,1007843,285773,1272116,231404,170496,4621,1001068,8691419,2165615,15541,9506,266463,346297,1477205,399154,1576126,5980,1028272,46663,800163,4477064,4071013,6374257,5557941,491721,3319680,21561796,133078,6584,29761,9572,16008,23370,6279,827488,88900,2462353,50355,7760,2213091,2659532,1318579,24575,27310,4052988,18368,13711251,671970,63725,865,82020,2687840,4406243,57441,9266087,17786,42530,4725885,23407,39352,16590,187204,1150217,17042722,2805,101863056,170279,5672948,1048275,24476079,1029564,250307,12014,551062,11526254,703228,535,11945,338090,259981
1/19/2023,208062,334084,271307,47820,105095,11,9106,10024095,446008,11265457,5749735,827571,37491,699761,2037408,105905,994037,4688927,70555,27989,62577,1182974,401258,328581,36677844,274217,1294697,22025,633785,52429,63224,138672,123993,4549647,15361,7651,5096886,4875374,6348356,8992,25375,95346,1177514,87965,1266847,1112311,638062,4586086,3444556,712,15690,15760,659761,1047624,515645,201785,17186,10189,613218,74086,499255,68808,1449829,39677034,48980,12586,1811015,37659518,171099,5548487,19680,1221253,38224,8947,72720,33969,29,469724,2191200,208539,44682874,6727317,7563096,2465545,1699347,4779646,25363742,153143,31841452,1746997,1495880,342760,4921,1,29955366,272448,662858,206588,217941,975060,1226155,34790,8043,507158,21343,1293703,314186,9,67788,88446,5033943,185708,32772,116894,15554,63664,293386,7315454,22247,597598,16041,1007849,285836,1272131,231404,170496,4621,1001073,8691419,2165617,15541,9506,266463,346297,1477276,399154,1576147,5980,1028272,46663,800163,4477551,4071151,6374645,5562214,491817,3319680,21567659,133078,6585,29761,9572,16008,23370,6279,827522,88900,2463173,50355,7760,2213435,2659652,1318939,24575,27310,4053527,18368,13711251,671970,63725,865,82020,2690473,4406243,57441,9284494,17786,42530,4725885,23408,39352,16590,187204,1150217,17042722,2805,101954244,170279,5672999,1048377,24491926,1029564,250332,12014,551191,11526284,703228,535,11945,338407,259981
1/20/2023,208084,334084,271316,47820,105095,11,9106,10024095,446008,11274262,5751836,827614,37491,699794,2037408,105905,994037,4688927,70555,27989,62577,1182974,401278,328581,36712851,274217,1294818,22025,633791,52429,63224,138673,123993,4549968,15361,7651,5099468,4879169,6348356,8992,25375,95346,1177514,87966,1266949,1112329,640729,4586356,3444735,712,15690,15760,659761,1047624,515645,201785,17186,10189,613218,74086,499281,68808,1449829,39681509,48980,12586,1811015,37668384,171102,5548487,19680,1222009,38224,8947,72815,33969,29,470144,2191200,208539,44683005,6727609,7563167,2465545,1699347,4779973,25415630,153143,31924066,1746997,1495880,342771,4991,1,29982905,272460,662858,206588,217941,975080,1226155,34790,8043,507158,21343,1293928,314223,9,67788,88446,5034228,185708,32774,116894,15554,63664,293386,7337100,22247,597598,16041,1007855,285895,1272146,231404,170496,4621,1001074,8692332,2165648,15541,9506,266463,346297,1477344,399154,1576147,5980,1028272,46663,805486,4477955,4071445,6374976,5562214,491880,3319680,21573690,133078,6585,29761,9572,16008,23370,6279,827556,88900,2463968,50355,7760,2213795,2659749,1319207,24575,27310,4053796,18368,13722677,671976,63725,865,82020,2690473,4406243,57441,9302697,17786,42530,4725885,23409,39352,16590,187204,1150217,17042722,2805,101991763,170279,5675756,1048517,24492024,1029564,250360,12014,551191,11526301,703228,535,11945,338656,259981
1/21/2023,208084,334097,271328,47820,105095,11,9106,10024095,446008,11274262,5754062,827638,37491,699893,2037408,105905,994037,4688927,70555,27989,62577,1183705,401278,328581,36717501,274217,1294848,22025,633799,52429,63224,138676,123993,4550961,15361,7651,5101837,4882683,6348356,8992,25375,95346,1177514,87966,1267021,1112341,640729,4586731,3444735,712,15690,15760,659761,1047624,515645,201785,17186,10189,613218,74086,499295,68808,1449829,39681509,48980,12586,1811015,37668384,171102,5548487,19680,1222699,38224,8947,72815,34008,29,470144,2191200,208539,44683145,6727847,7563273,2465545,1699347,4780411,25415630,153143,32003020,1746997,1495880,342782,4991,1,29999529,272475,662858,206588,217942,975080,1226529,34790,8043,507158,21343,1294175,314223,9,67788,88446,5034521,185708,32775,116894,15554,63664,293386,7341480,22676,597598,16041,1007855,285958,1272162,231404,170496,4621,1001075,8692332,2165651,15541,9506,266463,346297,1477357,399154,1576147,5986,1028272,46663,805486,4478692,4071540,6375390,5562214,491910,3319680,21579637,133078,6585,29761,9572,16022,23370,6279,827578,88900,2464509,50355,7760,2214064,2659853,1319475,24575,27310,4053796,18368,13722677,671976,63725,865,82020,2690473,4406243,57441,9323771,17786,42530,4725885,23409,39353,16590,187204,1150217,17042722,2805,101996891,170279,5675823,1048623,24492024,1029564,250360,12014,551204,11526318,703228,535,11945,338986,259981
1/22/2023,208084,334101,271335,47820,105095,11,9106,10024095,446008,11274262,5755617,827667,37491,699975,2037408,105905,994037,4688927,70555,27989,62577,1183705,401278,328581,36718053,274217,1294871,22025,633801,52429,63224,138676,123993,4551279,15361,7651,5103912,4885426,6348356,8992,25375,95346,1177514,87966,1267067,1112350,640729,4586781,3444735,712,15690,15760,659761,1047624,515645,201785,17186,10189,613218,74114,499306,68808,1449829,39681509,48980,12586,1811015,37668384,171102,5548487,19680,1222942,38224,8947,72815,34008,29,470144,2191200,208539,44683239,6728065,7563385,2465545,1699347,4780946,25415630,153143,32067470,1746997,1495880,342785,4991,1,30008756,272485,662858,206588,217944,975080,1227016,34790,8043,507158,21343,1294208,314223,9,67817,88446,5034830,185708,32775,116894,15554,63664,293386,7342277,22676,597598,16041,1007855,285958,1272164,231404,170496,4621,1001076,8692332,2165651,15541,9506,266463,346297,1477383,399154,1576185,5986,1028272,46663,805486,4478971,4071963,6375463,5562214,491967,3319680,21585328,133078,6585,29761,9572,16022,23370,6279,827608,88900,2464913,50355,7760,2214234,2659881,1319542,24575,27310,4054160,18368,13722677,671976,63725,865,82020,2690473,4406243,57450,9342958,17786,42530,4725885,23409,39353,16590,187204,1150217,17042722,2805,102000179,170279,5675861,1048702,24492024,1029564,250360,12014,551283,11526329,703228,535,11945,338986,259981
1/23/2023,208097,334101,271346,47820,105095,11,9106,10032709,446008,11274262,5756882,827679,37491,700033,2037456,105905,994037,4688927,70610,27989,62598,1183705,401312,328847,36730913,274217,1294987,22025,633805,52429,63224,138677,123993,4553798,15361,7651,5105289,4887702,6348356,8992,25375,95472,1177514,87966,1267081,1112362,640729,4586827,3445118,712,15690,15760,659761,1047624,515645,201785,17186,10189,613218,74114,499329,68808,1449829,39690337,48980,12586,1811015,37684456,171112,5548487,19680,1223115,38224,8947,72815,34008,29,470144,2191200,208539,44683328,6728184,7563505,2465545,1699347,4781363,25415630,153143,32100041,1746997,1496132,342786,4991,1,30021018,272494,662858,206591,217944,975121,1227153,34790,8053,507158,21343,1294236,314260,9,67817,88446,5034972,185713,32776,116894,15554,63664,294089,7342764,22676,597598,16045,1007857,286004,1272167,231404,170496,4621,1001077,8692332,2179518,15541,9506,266463,346297,1477446,399154,1576188,5986,1029061,46663,805486,4479075,4072035,6375528,5562214,492043,3322648,21590008,133078,6585,29761,9572,16022,23370,6279,827658,88900,2465639,50355,7760,2214312,2659895,1319627,24575,27318,4054267,18368,13722677,671981,63729,865,82020,2690473,4406243,57450,9353625,17786,42530,4726512,23410,39353,16590,187204,1150217,17042722,2805,102031232,170279,5675900,1048778,24492024,1031581,250428,12014,551295,11526332,703228,535,11945,338986,259981
1/24/2023,208289,334113,271354,47820,105184,11,9106,10032709,446008,11274262,5759515,827738,37491,700107,2037469,106157,994037,4688927,70610,27989,62598,1184589,401312,328887,36751410,274217,1295082,22025,633809,52429,63226,138677,123993,4554857,15361,7652,5106266,4889691,6348356,8992,25375,95473,1182371,87966,1267158,1112369,640729,4587340,3445304,712,15690,15760,659981,1051239,515645,201785,17186,10189,613531,74114,499354,68808,1449829,39697613,48980,12586,1814180,37701193,171112,5548487,19680,1224140,38240,8947,72878,34008,29,470144,2191200,208605,44683430,6728402,7563623,2465545,1699347,4782541,25415630,153407,32193842,1746997,1496183,342792,4991,1,30040556,272501,662858,206591,217951,975159,1227291,34790,8053,507159,21343,1294747,314432,9,67817,88505,5035073,185713,32776,116953,15554,63664,294089,7348292,22676,598073,16049,1007857,286058,1272186,231994,170496,4621,1001078,8693160,2179522,15541,9506,266463,346428,1477514,399154,1576188,5986,1029061,46663,805486,4479075,4072188,6376214,5562889,492115,3322648,21594672,133090,6586,29803,9581,16022,23403,6279,827697,88900,2465639,50355,7760,2214437,2660043,1320002,24575,27318,4054522,18368,13722677,671984,63729,865,82020,2690473,4406243,57450,9368483,17786,42600,4726512,23410,39353,16590,187585,1150278,17042722,2805,102086966,170328,5675938,1048837,24492024,1031581,250443,12014,551297,11526339,703228,535,11945,339502,261606
1/25/2023,208324,334124,271360,47820,105184,11,9106,10032709,446008,11274262,5762898,827780,37491,700171,2037478,106157,994037,4688927,70610,27989,62598,1185748,401320,328887,36768677,275220,1295135,22025,633814,52429,63227,138679,123993,4556026,15361,7652,5108929,4891987,6348356,8992,25375,95473,1182371,87966,1267267,1112381,640729,4587725,3445457,712,15690,15760,659981,1051239,515645,201785,17186,10189,613531,74114,499383,68808,1449829,39702995,48980,12586,1814180,37715000,171112,5548487,19680,1224977,38240,8947,72878,34008,29,470337,2191827,208605,44683562,6728676,7563728,2465545,1700253,4783275,25415630,153407,32273196,1746997,1496183,342805,4991,1,30075652,272510,662858,206591,217951,975186,1227648,34790,8053,507159,21343,1295083,314481,9,67817,88505,5035205,185713,32776,116953,15554,63664,294089,7348292,22676,598073,16049,1007862,286100,1272199,231994,170496,4621,1001081,8693192,2179524,15541,9508,266463,346428,1477567,399154,1576188,5986,1029061,46663,805486,4477551,4072261,6376708,5562889,492169,3322648,21601076,133090,6588,29803,9581,16022,23403,6279,827737,88900,2465639,50355,7760,2214601,2660177,1320314,24575,27318,4054803,18368,13722677,671984,63729,865,82020,2690473,4406243,57450,9384996,17786,42600,4726512,23412,39353,16672,187585,1150278,17042722,2805,102189274,170328,5675976,1048912,24492082,1031581,250463,12014,551351,11526348,703228,535,11945,339743,261606
1/26/2023,208324,334135,271364,47820,105184,11,9106,10032709,446008,11292729,5766100,827823,37491,700247,2037478,106157,994037,4691499,70610,27989,62598,1185748,401320,328887,36768677,275220,1295182,22025,633815,52429,63227,138681,123993,4560452,15361,7652,5111145,4894391,6352923,8992,25375,95473,1182371,87970,1267344,1112394,640729,4588086,3445643,712,15690,15760,659981,1051239,515645,201785,17186,10189,613531,74114,499420,68820,1458619,39708282,48980,12586,1814180,37728155,171112,5548487,19680,1225806,38240,8947,72878,34008,29,470337,2191827,208605,44683661,6728998,7563825,2465545,1700253,4783778,25415630,153407,32333081,1746997,1496183,342810,4991,1,30107363,272521,662858,206591,217959,975217,1227889,34790,8053,507159,21343,1295376,314481,9,67817,88505,5035377,185713,32777,116953,15554,63664,294089,7353630,22676,598073,16052,1007862,286152,1272207,231994,170496,4621,1001086,8693192,2179524,15541,9508,266463,346428,1477620,399154,1576235,5986,1029061,46663,805486,4480454,4072488,6377240,5562889,492234,3322648,21608107,133090,6590,29803,9581,16022,23403,6279,827772,88900,2467970,50355,7760,2215109,2660278,1320618,24575,27318,4055054,18368,13722677,671986,63729,865,82020,2693458,4406243,57450,9404138,17786,42600,4726512,23412,39353,16672,187585,1150278,17042722,2805,102253390,170328,5676022,1049024,24507203,1031581,250463,12014,551389,11526365,703228,535,11945,339949,261606
1/27/2023,208432,334144,271369,47820,105184,11,9106,10032709,446008,11295446,5769255,827847,37491,700284,2037478,106157,994037,4691499,70610,27989,62598,1187092,401333,328887,36791267,275220,1295242,22025,633815,52429,63227,138683,123993,4561079,15361,7652,5113124,4896727,6352923,8992,25375,95473,1182371,87970,1267404,1112405,642663,4588400,3445821,712,15690,15760,659981,1051239,515645,201785,17186,10189,613531,74114,499443,68820,1458619,39712963,48980,12586,1814180,37739472,171112,5548487,19680,1226529,38240,8947,72922,34008,29,470337,2191827,208605,44683754,6729209,7563923,2465545,1700253,4784312,25453789,153407,32386992,1746997,1496390,342810,4991,1,30130730,272530,662858,206591,217962,975230,1228090,34790,8053,507159,21343,1295635,314481,9,67817,88505,5035613,185713,32777,116953,15554,63664,294089,7358593,22676,598073,16056,1007862,286194,1272217,231994,170496,4621,1001092,8694054,2179528,15541,9508,266463,346428,1477677,399154,1576235,5986,1029061,46663,806256,4480828,4072592,6377780,5562889,492234,3322648,21615219,133090,6591,29803,9581,16022,23403,6279,827807,88900,2467970,50355,7760,2215527,2660377,1320847,24575,27318,4055284,18368,13731478,671986,63729,865,82020,2693458,4406243,57450,9428486,17786,42600,4726512,23412,39353,16672,187585,1150278,17042722,2805,102270311,170328,5676074,1049122,24507210,1031581,250463,12014,551399,11526377,703228,535,11945,340172,261606
1/28/2023,208435,334153,271369,47839,105184,11,9106,10032709,446008,11295446,5772280,827880,37491,700346,2037506,106157,994037,4691499,70610,27989,62598,1187092,401354,328887,36791267,275220,1295255,22025,633818,52429,63227,138685,123993,4561494,15361,7652,5115130,4900210,6352923,8992,25375,95473,1182371,87974,1267467,1112414,642663,4588727,3445821,712,15690,15760,660095,1051239,515645,201785,17186,10189,613531,74114,499466,68820,1458619,39713004,48980,12586,1814180,37739472,171112,5548487,19680,1226951,38240,8947,72922,34008,29,470337,2191827,208605,44683863,6729408,7564046,2465545,1700253,4784561,25453789,153407,32441774,1746997,1496390,342810,4991,1,30149601,272534,662858,206591,217962,975230,1228262,34790,8053,507159,21349,1295893,314607,9,67817,88505,5035871,185713,32778,116953,15554,63664,294602,7358593,22676,598073,16056,1007865,286235,1272222,231994,170496,4621,1001092,8694054,2179528,15569,9508,266463,346428,1477715,399154,1576235,5986,1029061,46663,806256,4481101,4072844,6378299,5563265,492234,3322648,21622390,133090,6591,29803,9581,16022,23403,6279,827828,88900,2470606,50355,7760,2215889,2660490,1321083,24575,27318,4055284,18368,13731478,671987,63736,865,82020,2693458,4406243,57453,9455924,17786,42600,4726512,23414,39353,16734,187585,1150278,17042722,2805,102274906,170328,5679221,1049209,24507298,1031581,250508,12014,551399,11526395,703228,535,11945,340172,261606
1/29/2023,208435,334157,271376,47839,105184,11,9106,10032709,446008,11295446,5774678,827903,37491,700452,2037506,106157,994037,4691499,70610,27989,62598,1187482,401354,328887,36794261,275220,1295275,22025,633819,52429,63227,138689,123993,4561808,15361,7652,5116768,4903495,6352923,8992,25375,95473,1182371,87981,1267511,1112422,642663,4588772,3445821,712,15690,15760,660095,1051239,515645,201785,17186,10189,613531,74133,499466,68820,1458619,39713004,48980,12586,1814180,37739472,171112,5548487,19680,1227024,38240,8947,72922,34008,29,470337,2191827,208605,44683943,6729573,7564146,2465545,1700253,4784702,25453789,153407,32486503,1746997,1496390,342810,4991,1,30157017,272537,662858,206591,217962,975230,1228399,34790,8053,507159,21349,1295930,314607,9,67827,88505,5036140,185713,32780,116953,15554,63664,294602,7367712,22676,598073,16056,1007865,286235,1272229,231994,170496,4621,1001096,8694054,2190095,15569,9508,266463,346428,1477737,399154,1576235,5986,1029061,46663,806256,4481246,4072911,6378349,5563265,492283,3322648,21629273,133090,6591,29803,9581,16022,23403,6279,827861,88900,2471072,50355,7760,2216185,2660507,1321147,24575,27318,4055416,18368,13731478,671987,63736,865,82020,2693458,4406243,57453,9483267,17786,42600,4726984,23414,39354,16734,187585,1150278,17042722,2805,102278398,170328,5679279,1049274,24507298,1031581,250508,12014,551412,11526408,703228,535,11945,340172,261606
1/30/2023,208502,334157,271376,47839,105184,11,9106,10037135,446008,11295446,5776747,827909,37491,700452,2037543,106157,994037,4691499,70660,27989,62605,1187685,401381,329227,36807814,275220,1295366,22025,633819,53355,63229,138691,123993,4563190,15361,7652,5117952,4903496,6352923,8992,25375,95514,1182371,87982,1267524,1112429,642663,4588820,3446205,712,15690,15760,660095,1051239,515645,201785,17190,10189,613531,74133,499493,68820,1458619,39722301,48981,12586,1814180,37758773,171112,5548487,19680,1227042,38240,8947,72922,34008,29,470337,2191827,208605,44684009,6729756,7564252,2465545,1700253,4785308,25453789,153407,32507929,1746997,1496549,342810,5008,1,30176646,272539,662858,206592,217969,975282,1228504,34790,8053,507162,21349,1295958,314639,9,67827,88505,5036342,185715,32780,116953,15584,63664,294602,7367712,22676,598073,16056,1007869,286295,1272229,231994,170741,4621,1001099,8694054,2190095,15569,9508,266463,346428,1477784,399449,1576293,5986,1029061,46663,806256,4481290,4073216,6378402,5563265,492422,3325006,21635211,133090,6592,29803,9581,16087,23427,6279,827916,88902,2470291,50355,7760,2216458,2660530,1321220,24575,27318,4055720,18368,13731478,671988,63742,865,82020,2693458,4407050,57453,9505551,17786,42600,4726984,23415,39354,16734,187585,1150278,17042722,2805,102307529,170328,5679320,1049345,24507298,1032710,250563,12014,551542,11526461,703228,535,11945,340582,261606
1/31/2023,208545,334167,271378,47839,105184,11,9106,10037135,446008,11295446,5780229,827944,37491,700452,2037556,106157,994037,4691499,70660,27989,62605,1187986,401384,329227,36824580,276067,1295426,22025,633820,53355,63229,138693,123993,4564114,15368,7652,5118981,4903497,6352923,8992,25375,95514,1186176,87982,1267580,1112438,642663,4589483,3446409,712,15690,15760,660095,1051239,515645,201785,17190,10189,613903,74133,499531,68820,1458619,39729161,48981,12586,1814180,37779833,171112,5548487,19680,1227853,38240,8947,72950,34076,29,470757,2191827,208688,44684120,6730016,7564350,2465545,1700253,4786180,25453789,153407,32555047,1746997,1496549,342810,5008,1,30197066,272547,662858,206592,217973,975282,1228639,34790,8062,507162,21349,1296493,314731,9,67827,88559,5036593,185715,32783,117062,15584,63665,294602,7368252,22676,598673,16063,1007871,286355,1272240,231994,170741,4621,1001100,8695133,2190095,15569,9508,266463,346428,1477856,399449,1576312,5986,1029701,46750,806256,4481246,4073203,6379391,5563907,492482,3325006,21640952,133090,6592,29803,9585,16087,23427,6280,827962,88902,2471198,50665,7760,2217110,2660689,1321579,24575,27318,4055966,18368,13731478,671989,63742,865,82020,2693458,4407915,57453,9537823,17786,42664,4726984,23415,39354,16734,187908,1150356,17042722,2805,102362870,170400,5679371,1049409,24507298,1032710,250567,12014,551587,11526497,703228,535,11945,340763,261606
2/1/2023,208552,334177,271385,47839,105184,11,9106,10037135,446008,11295446,5785590,827983,37491,700835,2037568,106157,994037,4691499,70660,27989,62605,1188380,401395,329227,36837943,276067,1295486,22025,633833,53492,63229,138693,123993,4565286,15368,7652,5120975,4903498,6355135,8992,25375,95514,1186176,87989,1267668,1112443,642663,4590019,3446576,712,15690,15760,660095,1051239,515645,201785,17190,10189,613903,74133,499548,68820,1458619,39733692,48981,12586,1814180,37796790,171112,5548487,19680,1228343,38240,8947,72950,34076,29,470757,2192447,208688,44684248,6730289,7564467,2465545,1700817,4786649,25453789,153629,32610584,1746997,1496549,342817,5008,1,30213928,272565,662858,206592,217977,975355,1228890,34790,8062,507162,21359,1296865,314769,9,67827,88559,5036918,185715,32783,117062,15584,63665,294602,7377333,22676,598673,16063,1007872,286381,1272254,231994,170741,4621,1001102,8695148,2190101,15592,9508,266463,346533,1477902,399449,1576331,5986,1029701,46750,806256,4481873,4073454,6380225,5563907,492534,3325006,21649414,133090,6592,29803,9585,16087,23427,6280,828012,88902,2472028,50665,7760,2217575,2660846,1321852,24575,27318,4056201,18368,13731478,671991,63754,865,82020,2693458,4407915,57453,9569611,17786,42664,4726984,23415,39354,16734,187908,1150356,17042722,2805,102479379,170400,5682386,1049457,24507372,1032710,250586,12014,551587,11526508,703228,535,11945,340944,262324
2/2/2023,208669,334187,271386,47839,105184,11,9106,10037135,446008,11313123,5789991,828018,37491,700835,2037578,106157,994037,4695403,70660,27989,62605,1188739,401402,329227,36837943,276067,1295524,22025,633836,53492,63229,138694,123993,4569589,15368,7652,5123007,4903503,6355135,8992,25375,95514,1186176,87993,1267736,1112457,642663,4590529,3446576,712,15690,15760,660095,1051239,515645,201785,17190,10189,613903,74133,499592,68848,1459198,39737713,48981,12586,1815871,37810199,171112,5548487,19680,1228774,38240,8947,72950,34076,29,470940,2192447,208688,44684347,6730537,7564551,2465545,1700817,4787387,25453789,153629,32655883,1746997,1496549,342817,5008,1,30228889,272579,662858,206592,217981,975371,1229057,34790,8062,507162,21359,1297227,314867,9,67827,88559,5037242,185715,32784,117062,15584,63665,294602,7377333,22676,598673,16063,1007874,286421,1272258,231994,170741,4621,1001105,8695148,2190101,15592,9508,266463,346533,1477954,399449,1576343,5986,1029701,46750,806256,4482120,4073504,6381036,5564254,492595,3325006,21658642,133090,6592,29803,9585,16087,23427,6280,828064,88902,2472484,50665,7760,2218050,2661008,1322078,24575,27318,4056458,18368,13731478,671994,63754,865,82227,2694893,4407915,57453,9596660,17786,42664,4726984,23415,39354,16734,187908,1150356,17042722,2805,102561054,170400,5682445,1049537,24526807,1032710,250598,12014,551601,11526522,703228,535,11945,341261,262324
2/3/2023,208669,334203,271394,47850,105184,11,9106,10037135,446008,11312904,5794162,828042,37491,700835,2037588,106157,994037,4695403,70660,27989,62605,1189102,401412,329227,36866283,276067,1295563,22025,633837,53492,63229,138695,123993,4570310,15368,7652,5124971,4903505,6355135,8992,25375,95514,1186176,87997,1267798,1112470,644160,4590969,3446909,712,15690,15760,660095,1052007,515645,201785,17190,10189,613903,74133,499623,68848,1459198,39741331,48981,12586,1815871,37822577,171112,5548487,19680,1229173,38240,8947,72984,34076,29,470940,2192448,208688,44684475,6730778,7564614,2465545,1700817,4787626,25488166,153629,32695807,1746997,1496549,342817,5008,1,30243393,272595,662858,206592,217987,975403,1229251,34790,8062,507162,21359,1297546,314882,9,67827,88559,5037582,185715,32786,117062,15584,63665,294602,7381305,22676,598673,16063,1007874,286449,1272267,231994,170741,4621,1001106,8696317,2190121,15592,9508,266463,346533,1478002,399449,1576343,5986,1029701,46750,806662,4482310,4073706,6382155,5564254,492595,3325006,21668261,133090,6592,29803,9585,16087,23427,6280,828106,88902,2473599,50665,7760,2218508,2661149,1322282,24575,27318,4056701,18368,13740531,671995,63754,865,82227,2694893,4407915,57453,9622129,17786,42664,4726984,23415,39355,16779,187908,1150356,17042722,2805,102599784,170400,5682496,1049640,24526807,1032710,250622,12014,551601,11526542,703228,535,11945,341397,262324
2/4/2023,208621,334204,271394,47850,105184,11,9106,10037135,446008,11312904,5798237,828064,37491,700835,2037588,106157,994037,4695403,70660,27989,62605,1189673,401412,329227,36867401,276067,1295585,22025,633840,53492,63229,138697,123993,4570310,15368,7652,5126657,4903507,6355135,8992,25375,95514,1186176,87997,1267850,1112473,644160,4591409,3446909,712,15690,15760,660095,1052007,515645,201785,17190,10189,613903,74133,499643,68848,1459198,39741331,48981,12586,1815871,37822577,171112,5548487,19680,1229560,38240,8947,72984,34076,29,470940,2192448,208688,44684588,6730964,7564663,2465545,1700817,4788073,25488166,153629,32734388,1746997,1496549,342817,5008,1,30257411,272608,662858,206592,217987,975403,1229390,34790,8062,507162,21359,1297838,314882,9,67827,88559,5037784,185715,32790,117062,15584,63665,294602,7381305,22676,598673,16069,1007874,286493,1272276,231994,170741,4621,1001106,8696317,2190121,15592,9508,266463,346533,1478025,399449,1576343,5986,1029701,46750,806662,4482497,4073739,6382975,5564254,492595,3325006,21677861,133090,6592,29803,9585,16087,23427,6280,828131,88902,2474195,50665,7760,2218881,2661284,1322493,24575,27318,4056701,18368,13740531,672000,63754,865,82227,2694893,4407915,57453,9645862,17786,42664,4726984,23415,39355,16779,187908,1150356,17042722,2805,102603942,170400,5682577,1049729,24526807,1032710,250622,12014,551619,11526559,703228,535,11945,341573,262324
2/5/2023,208627,334211,271394,47850,105184,11,9106,10037135,446008,11312904,5801078,828082,37491,700835,2037588,106157,994037,4695403,70660,27989,62605,1189673,401412,329227,36867401,276067,1295597,22025,633842,53492,63229,138698,123993,4570310,15368,7652,5128130,4903507,6355135,8992,25375,95514,1186176,87997,1267894,1112484,644160,4591500,3446909,712,15690,15760,660095,1052007,515645,201785,17190,10189,613903,74143,499656,68848,1459198,39741331,48981,12586,1815871,37822577,171112,5548487,19680,1229596,38240,8947,72984,34076,29,470940,2192448,208688,44684679,6731135,7564756,2465545,1700817,4788399,25488166,153629,32766847,1746997,1496549,342817,5008,1,30263261,272621,662858,206592,217990,975403,1229390,34790,8062,507162,21359,1297880,314882,9,67842,88559,5037995,185715,32790,117062,15584,63665,294602,7389670,22676,598673,16069,1007874,286493,1272280,231994,170741,4621,1001106,8696317,2190121,15592,9508,266463,346533,1478042,399449,1576397,5986,1029701,46750,806662,4482582,4073826,6383096,5564254,492647,3325006,21687216,133090,6592,29803,9585,16087,23427,6280,828171,88902,2474636,50665,7760,2219180,2661315,1322543,24575,27318,4056701,18368,13740531,672000,63754,865,82227,2694893,4407915,57453,9668845,17786,42664,4727236,23415,39356,16779,187908,1150356,17042722,2805,102606868,170400,5682632,1049828,24526807,1032710,250622,12014,551645,11526566,703228,535,11945,341573,262324
2/6/2023,208704,334211,271395,47850,105184,11,9106,10040329,446008,11312904,5803370,828085,37491,700835,2037622,106157,994037,4695403,70660,27989,62608,1189790,401436,329494,36878774,276067,1295654,22025,633842,53492,63229,138698,123993,4572007,15368,7652,5129209,4903509,6355135,8992,25073,95585,1186176,88009,1267904,1112489,644160,4591550,3447224,712,15690,15760,660095,1052007,515645,201785,17210,10189,613903,74143,499672,68848,1459198,39747993,48981,12586,1815871,37842223,171112,5548487,19680,1229611,38240,8947,72984,34076,29,470940,2192448,208688,44684768,6731304,7564881,2465545,1700817,4789011,25488166,153629,32782459,1746997,1496549,342817,5008,1,30279381,272628,662858,206599,217990,975451,1229555,34790,8062,507166,21359,1297908,314949,9,67842,88559,5038170,185721,32798,117062,15584,63665,294915,7390230,22676,598673,16078,1007876,286559,1272281,232819,170741,4621,1001106,8696317,2198982,15592,9508,266463,346533,1478095,399449,1576410,5987,1030214,46750,806662,4482629,4073851,6383225,5564254,492786,3327805,21695239,133090,6592,29803,9585,16109,23427,6280,828236,88902,2475443,50665,7760,2219431,2661348,1322604,24575,27322,4057211,18368,13740531,672002,63759,865,82227,2694893,4407915,57453,9685484,17786,42664,4727236,23416,39357,16779,187908,1150356,17042722,2805,102631179,170400,5682693,1049944,24526807,1033265,250676,12014,551645,11526577,703228,535,11945,341690,262324
2/7/2023,208721,334211,271399,47850,105184,11,9106,10040329,446008,11312904,5807176,828106,37491,700835,2037622,106434,994037,4695403,70697,27989,62608,1189949,401444,329494,36887991,276067,1295701,22025,633846,53492,63233,138698,123993,4573997,15368,7652,5130204,4903513,6355135,8992,25073,95585,1190377,88014,1267962,1112494,644160,4592556,3447384,712,15690,15760,660339,1052007,515645,201785,17210,10189,614215,74143,499689,68848,1459198,39753017,48981,12586,1815871,37861703,171140,5548487,19680,1230098,38240,8947,73003,34076,29,471224,2192448,208839,44684864,6731696,7565025,2465545,1700817,4789485,25488166,153629,32827214,1746997,1496549,342817,5008,1,30297315,272631,662858,206599,217992,975499,1229555,34790,8062,507166,21359,1298497,315074,9,67842,88559,5038354,185721,32810,117166,15584,63665,294915,7390230,22676,599578,16087,1007876,286617,1272299,232819,170741,4621,1001107,8697673,2198982,15592,9508,266463,346533,1478148,399449,1576426,5987,1030214,46750,806662,4482852,4073980,6384670,5564925,492833,3327805,21702774,133090,6592,29882,9587,16109,23468,6280,828294,88902,2476392,50665,7760,2220062,2661623,1322911,24575,27322,4057211,18368,13740531,672003,63759,865,82227,2694893,4408833,57453,9708863,17786,42664,4727236,23416,39358,16779,187908,1150477,17042722,2805,102676694,170400,5682773,1049944,24526807,1033265,250681,12014,551647,11526591,703228,535,11945,341690,262324
2/8/2023,208771,334222,271403,47850,105184,11,9106,10040329,446309,11312904,5812712,828137,37491,700835,2037647,106434,994037,4695403,70697,27990,62608,1190262,401444,329494,36897683,276825,1295748,22025,633850,53574,63235,138700,123993,4575152,15368,7652,5132118,4903515,6355637,8992,25073,95585,1190377,88026,1268018,1112501,644160,4593277,3447553,712,15690,15760,660339,1052007,515666,201785,17212,10189,614215,74143,499714,68848,1459198,39757008,48981,12586,1818861,37879714,171140,5548487,19680,1230550,38240,8947,73003,34076,29,471224,2193272,208839,44684973,6731959,7565144,2465545,1701617,4789863,25488166,153629,32868798,1746997,1496549,342817,5008,1,30311979,272662,662858,206599,217992,975524,1229771,34790,8065,507166,21372,1298880,315173,9,67842,88559,5038543,185721,32814,117166,15584,63667,294915,7390902,22676,599578,16092,1007884,286674,1272310,232819,170741,4621,1001109,8697673,2198982,15612,9508,266463,346533,1478208,399449,1576443,5987,1030214,46750,806662,4483036,4074095,6385880,5564925,492887,3327805,21713101,133090,6592,29882,9587,16109,23468,6280,828356,88902,2477183,50665,7760,2220534,2661781,1323146,24575,27322,4057211,18368,13740531,672004,63759,865,82227,2694893,4408833,57453,9733094,17786,42717,4727236,23416,39358,16779,187908,1150477,17042722,2805,102760211,170400,5682835,1050000,24526866,1033265,250702,12014,551666,11526610,703228,535,11945,341936,263083
2/9/2023,208771,334229,271406,47860,105184,11,9106,10040329,446332,11327900,5812712,828174,37491,700835,2037655,106434,994037,4700949,70697,27990,62608,1190511,401465,329494,36905201,276825,1295789,22025,633859,53574,63235,138700,123993,4578306,15368,7652,5133941,4903516,6355637,8992,25073,95585,1190377,88037,1268067,1112502,644160,4593923,3447720,712,15690,15760,660339,1052007,515666,201785,17212,10189,614215,74143,499738,68864,1460857,39760676,48981,12586,1818861,37893892,171140,5548487,19680,1230934,38240,8947,73003,34076,29,471224,2193272,208839,44685087,6732179,7565253,2465545,1701617,4790244,25488166,153905,32901767,1746997,1496549,342817,5008,1,30325483,272675,662858,206599,217998,975556,1229915,34790,8065,507166,21372,1299273,315268,9,67842,88559,5038812,185721,32818,117166,15584,63667,294915,7400848,22676,599578,16095,1007886,286729,1272323,232819,170741,4815,1001110,8697711,2198982,15612,9508,266463,346533,1478247,399449,1576464,5987,1030214,46776,806662,4483236,4074299,6387048,5564925,492925,3327805,21725309,133090,6592,29882,9587,16109,23468,6280,828410,88902,2477970,50665,7760,2220999,2661944,1323216,24575,27322,4057211,18368,13740531,672005,63759,865,82227,2696168,4408833,57453,9754006,17786,42717,4727236,23416,39358,16795,187908,1150477,17042722,2805,102842061,170400,5686636,1050127,24549097,1033265,250717,12014,551673,11526627,703228,535,11945,342114,263083
2/10/2023,208943,334229,271406,47860,105184,11,9106,10040329,446332,11330342,5812695,828195,37491,700835,2037664,106434,994037,4700949,70697,27990,62608,1190511,401472,329494,36917623,276825,1295789,22025,633863,53574,63235,138703,123993,4579137,15368,7652,5135705,4903516,6355637,8992,25073,95585,1190377,88037,1268131,1112502,645515,4594497,3447856,712,15690,15760,660412,1052007,515666,201785,17212,10189,614215,74143,499738,68864,1460857,39764042,48981,12586,1818861,37893892,171140,5548487,19680,1231507,38240,8947,73003,34076,29,471224,2193272,208839,44683862,6732418,7565367,2465545,1701617,4790574,25519067,153905,32930382,1746997,1496549,342817,5008,1,30325483,272684,662858,206599,217998,975590,1229915,34790,8065,507166,21372,1299616,315352,9,67842,88559,5039067,185721,32818,117166,15590,63667,294915,7400848,23671,599578,16095,1007888,286729,1272323,232819,170741,4815,1001113,8699058,2198982,15612,9508,266463,346533,1478247,399449,1576464,5987,1030214,46776,806662,4483236,4074339,6388226,5565479,492925,3327805,21737602,133090,6592,29882,9587,16109,23468,6280,828456,88902,2477970,50665,7760,2221438,2662097,1323445,24575,27322,4057211,18368,13748918,672005,63759,865,82227,2696168,4408833,57453,9773627,17786,42717,4727236,23416,39358,16795,187908,1150477,17042722,2805,102855101,170400,5686735,1050241,24549097,1033265,250743,12014,551673,11526640,703228,535,11945,342114,263083
2/11/2023,208971,334234,271409,47860,105184,11,9106,10040329,446332,11330342,5821526,828210,37491,700835,2037664,106434,994037,4700949,70697,27990,62608,1190700,401472,329494,36930339,276825,1295829,22025,633864,53574,63235,138703,123993,4579631,15368,7652,5137305,4903517,6355637,8992,25073,95585,1190377,88046,1268185,1112507,645515,4595191,3447856,712,15690,15760,660412,1052007,515666,201785,17212,10189,614215,74143,499749,68864,1460857,39764042,48981,12586,1818861,37907312,171140,5548487,19680,1231507,38240,8947,73032,34076,29,471224,2193272,208839,44685219,6732618,7565367,2465545,1701617,4790765,25519067,153905,32957753,1746997,1496549,342817,5008,1,30350199,272702,662858,206599,217998,975590,1229915,34790,8065,507166,21372,1299922,315352,9,67842,88559,5039326,185721,32826,117166,15590,63667,294915,7400848,23671,599578,16095,1007888,286796,1272328,232819,170741,4815,1001113,8699058,2198982,15612,9508,266463,346533,1478287,399449,1576464,5987,1030214,46776,806790,4483443,4074563,6389572,5565479,492925,3327805,21750311,133090,6593,29882,9587,16109,23468,6280,828486,88902,2478730,50665,7760,2221762,2662257,1323687,24575,27322,4057211,18368,13748918,672007,63759,865,82227,2696168,4408833,57453,9791908,17786,42717,4727236,23416,39358,16795,188199,1150477,17042722,2805,102859510,170400,5686871,1050330,24549097,1033265,250743,12014,551673,11526651,703228,535,11945,342288,263083
2/12/2023,208982,334255,271409,47860,105184,11,9106,10040329,446332,11330342,5829303,828229,37491,700835,2037679,106434,994037,4700949,70697,27990,62608,1191090,401472,329494,36932830,276825,1295870,22025,633866,53574,63235,138704,123993,4580045,15368,7652,5138732,4903517,6355637,8992,25073,95585,1190377,88063,1268224,1112516,645515,4595326,3447856,712,15690,15760,660412,1052007,515666,201785,17212,10189,614215,74158,499765,68864,1460857,39764042,48981,12586,1818861,37907312,171152,5548487,19680,1231970,38240,8947,73032,34076,29,471224,2193272,208839,44685425,6732799,7565552,2465545,1701617,4791163,25519067,153905,32971493,1746997,1496549,342817,5008,1,30355373,272710,662858,206599,217999,975590,1230141,34790,8065,507166,21372,1299971,315352,9,67849,88559,5039486,185721,32833,117166,15590,63667,294915,7400848,23671,599578,16095,1007888,286867,1272335,232819,170741,4815,1001115,8699058,2207346,15612,9508,266463,346533,1478328,399449,1576538,5987,1030214,46776,806790,4483729,4074691,6389741,5565479,492966,3327805,21762542,133090,6593,29882,9587,16109,23468,6280,828525,88902,2479663,50665,7760,2222006,2662318,1323752,24575,27322,4057211,18368,13748918,672009,63759,865,82227,2696168,4408833,57453,9809098,17786,42717,4727628,23416,39362,16795,188199,1150477,17042722,2805,102862879,170400,5686987,1050402,24549097,1033265,250743,12014,551720,11526692,703228,535,11945,342288,263083
2/13/2023,209011,334255,271409,47860,105184,11,9106,10042136,446332,11330342,5832119,828235,37491,700835,2037688,106434,994037,4700949,70721,27990,62611,1191172,401472,329595,36953492,276825,1295958,22056,633867,53574,63235,138705,123993,4581573,15368,7661,5139804,4903517,6355637,8992,25073,95646,1190377,88064,1268232,1112523,645515,4595426,3448199,712,15690,15760,660429,1052007,515698,201785,17212,10189,614215,74158,499782,68864,1460857,39770404,48981,12586,1818861,37928944,171152,5548487,19680,1231988,38240,8953,73032,34076,29,471224,2193272,208839,44685499,6732968,7565678,2465545,1701617,4791731,25519067,153905,32980916,1746997,1497449,342849,5008,1,30369744,272713,662858,206611,218000,975649,1230268,34790,8065,507170,21372,1300014,315412,9,67849,88600,5039650,185723,32833,117166,15590,63667,295161,7400848,23671,599578,16097,1007890,286966,1272339,232819,171059,4815,1001116,8699058,2207348,15612,9508,266463,346533,1478395,399449,1576551,5988,1030658,46776,806790,4483729,4074838,6389941,5565479,492966,3331005,21773482,133148,6594,29882,9587,16402,23468,6280,828595,88906,2480488,50665,7760,2222006,2662353,1323816,24575,27322,4058966,18368,13748918,672012,63775,865,82227,2696168,4408833,57453,9821755,17786,42717,4727628,23417,39362,16795,188199,1150477,17042722,2805,102886005,170464,5687053,1050402,24549097,1033265,250799,12014,551801,11526704,703228,535,11945,342317,263083
2/14/2023,209036,334264,271409,47860,105184,11,9106,10042136,446332,11330342,5837337,828251,37491,700835,2037703,106434,994037,4700949,70721,27990,62611,1191342,401499,329595,36953492,277441,1296009,22056,633870,53574,63237,138705,123993,4582530,15368,7661,5140809,4903517,6355637,8992,25073,95646,1194584,88078,1268287,1112525,645515,4596830,3448354,712,15690,15760,660485,1056578,515698,201785,17212,10189,614526,74158,499794,68864,1460857,39775390,48981,12586,1818861,37949446,171152,5548487,19680,1232417,38240,8953,73052,34076,29,471224,2193272,208921,44685601,6733215,7565865,2465545,1701617,4792484,25519067,154065,33012986,1746997,1497449,342849,5012,1,30384701,272724,662858,206611,218001,975683,1230268,34790,8065,507170,21374,1300592,315528,9,67849,88600,5039850,185723,32843,117248,15590,63667,295161,7410093,23671,600916,16103,1007890,287070,1272344,232819,171059,5121,1001118,8700605,2207348,15612,9508,266463,346733,1478434,399449,1576572,5988,1030658,46792,806790,4484029,4074821,6392257,5566314,492966,3331005,21783243,133148,6595,29882,9589,16402,23494,6280,828662,88906,2481396,50665,7760,2222006,2662668,1324306,24575,27324,4059348,18368,13748918,672015,63775,865,82227,2696168,4409828,57461,9842257,17786,42717,4727628,23417,39362,16795,188511,1150606,17042722,2805,102934224,170464,5687118,1050549,24549112,1033766,250799,12014,551804,11526754,703228,535,11945,342317,263083
2/15/2023,209056,334264,271421,47860,105184,11,9106,10042136,446332,11330342,5843614,828275,37491,700835,2037716,106434,994037,4700949,70721,27990,62611,1191492,401510,329595,36971440,277441,1296071,22056,633875,53609,63237,138705,123993,4583529,15368,7661,5142449,4903520,6356468,8997,25073,95646,1194584,88091,1268373,1112532,645515,4597987,3448503,712,15690,15760,660485,1056578,515698,201785,17214,10189,614548,74158,499823,68864,1460857,39779373,48981,12586,1822045,37970357,171152,5548487,19680,1232685,38267,8953,73052,34076,29,471224,2194102,208921,44685727,6733478,7566043,2465545,1702523,4792601,25519067,154065,33041758,1746997,1497449,342874,5012,1,30397220,272757,662858,206611,218006,975716,1230463,34790,8065,507170,21387,1300959,315590,9,67849,88640,5040087,185723,32854,117248,15590,63667,295161,7414918,23671,600916,16104,1007890,287161,1272353,232819,171059,5121,1001121,8700605,2207348,15627,9508,266463,346733,1478489,399449,1576603,5988,1030658,46792,806790,4484173,4075049,6394131,5566314,493198,3331005,21796612,133170,6596,29882,9589,16402,23494,6280,828729,88910,2482090,50665,7760,2222006,2662918,1324603,24575,27324,4059348,18368,13748918,672016,63775,865,82227,2696168,4409828,57461,9862108,17786,42775,4727628,23418,39362,16795,188511,1150606,17042722,2805,103023231,170464,5692468,1050621,24549185,1033766,250829,12014,551874,11526773,703228,535,11945,342317,263642
2/16/2023,209072,334273,271424,47866,105184,11,9106,10042136,446332,11343433,5849332,828292,37491,700835,2037730,106434,994037,4700949,70721,27990,62611,1191693,401516,329595,36970513,277441,1296119,22056,633877,53609,63237,138705,123993,4589569,15368,7661,5144220,4903520,6356468,8997,25073,95646,1194584,88091,1268452,1112535,645515,4599042,3448630,712,15690,15760,660492,1056578,515698,201785,17214,10189,614548,74158,499833,68876,1461583,39783394,48981,12586,1822045,37986750,171152,5548487,19680,1233173,38267,8953,73052,34143,29,471557,2194102,208921,44685884,6733697,7566265,2465545,1702523,4793234,25519067,154065,33063105,1746997,1497449,342874,5012,1,30408656,272788,662858,206611,218006,975738,1230569,34790,8065,507170,21387,1301338,315680,9,67849,88640,5040368,185723,32868,117248,15598,63667,295161,7414918,23671,600916,16104,1007895,287244,1272361,232819,171059,5121,1001125,8700605,2207348,15627,9508,266463,346733,1478536,399449,1576640,5988,1030658,46792,806790,4484362,4075073,6396106,5566708,493259,3331005,21811276,133170,6596,29882,9589,16402,23494,6280,828793,88910,2482671,50665,7760,2222006,2663109,1324871,24575,27324,4060077,18368,13748918,672017,63775,865,82227,2697159,4409828,57461,9878848,17786,42775,4727628,23418,39364,16801,188511,1150606,17042722,2805,103083910,170464,5692544,1050736,24574817,1033766,250850,12014,551886,11526786,703228,535,11945,342317,263642
2/17/2023,209083,334291,271424,47866,105184,11,9106,10042136,446332,11347698,5854661,828320,37491,700835,2037738,106434,994037,4708273,70721,27990,62611,1191892,401527,329595,36970513,277441,1296164,22056,633877,53609,63238,138706,123993,4590395,15368,7661,5146020,4903520,6356468,8997,25073,95646,1194584,88098,1268501,1112541,647031,4599931,3448747,712,15690,15760,660492,1056578,515698,201785,17214,10189,614548,74158,499849,68876,1461583,39786983,48981,12586,1822045,38002114,171152,5548487,19680,1233579,38267,8953,73052,34143,29,471557,2194102,208921,44686001,6733912,7566265,2465545,1702523,4793720,25547414,154065,33081711,1746997,1497449,342874,5012,1,30419297,272809,662858,206611,218006,975767,1230682,34790,8065,507170,21387,1301374,315778,9,67849,88640,5040609,185723,32884,117248,15598,63667,295161,7414918,23671,600916,16104,1007895,287318,1272366,232819,171059,5121,1001130,8702411,2207348,15627,9508,266463,346733,1478584,399449,1576640,5988,1030658,46792,807453,4484531,4075259,6398027,5566708,493259,3331005,21826514,133170,6596,29882,9589,16402,23521,6280,828842,88910,2483550,50665,7760,2222006,2663276,1325147,24575,27324,4060349,18368,13755956,672018,63775,865,82227,2697159,4409828,57461,9894283,17786,42775,4727628,23418,39364,16801,188511,1150606,17042722,2805,103131898,170464,5692665,1050824,24574817,1033766,250873,12014,551904,11526799,703228,535,11945,342317,263642
2/18/2023,209084,334305,271425,47866,105184,11,9106,10042136,446332,11347698,5859240,828338,37491,700835,2037738,106434,994037,4708273,70721,27990,62611,1191892,401527,329595,36987682,277441,1296189,22056,633884,53609,63238,138706,123993,4590808,15368,7661,5147683,4903521,6356468,8997,25073,95646,1194584,88109,1268561,1112543,647031,4600939,3448747,712,15690,15760,660492,1056578,515698,201785,17214,10189,614548,74158,499859,68876,1461583,39786983,48981,12586,1822045,38002114,171160,5548487,19680,1233953,38267,8953,73052,34143,29,471557,2194102,208921,44686143,6734102,7566311,2465545,1702523,4793976,25547414,154065,33098835,1746997,1497449,342874,5012,1,30429571,272829,662858,206611,218006,975767,1230682,34790,8065,507170,21387,1301808,315778,9,67849,88640,5040821,185723,32895,117248,15598,63667,295161,7414918,23671,600916,16104,1007895,287421,1272371,232819,171059,5121,1001133,8702411,2207348,15627,9508,266463,346733,1478609,399449,1576640,5988,1030658,46792,807453,4484651,4075324,6400052,5566708,493259,3331005,21841651,133170,6596,29882,9589,16402,23521,6280,828874,88910,2484269,50665,7760,2222006,2663541,1325421,24575,27324,4060349,18368,13755956,672018,63775,865,82227,2697159,4409828,57461,9909368,17786,42775,4727628,23418,39364,16801,188511,1150606,17042722,2805,103134605,170464,5692846,1050961,24574817,1033766,250873,12014,551904,11526806,703228,535,11945,342317,263642
2/19/2023,209107,334314,271425,47866,105184,11,9106,10042136,446332,11347698,5863481,828352,37491,704491,2037738,106434,994037,4708273,70721,27990,62611,1191892,401527,329595,36987682,277441,1296200,22056,633901,53609,63238,138708,123993,4591202,15368,7661,5149301,4903521,6356468,8997,25073,95646,1194584,88109,1268595,1112548,647031,4601070,3448747,712,15690,15760,660492,1056578,515698,201785,17214,10189,614548,74199,499865,68876,1461583,39786983,48981,12586,1822045,38002114,171160,5548487,19680,1234045,38267,8953,73052,34143,29,471557,2194102,208921,44686263,6734215,7566470,2465545,1702523,4794287,25547414,154065,33113074,1746997,1497449,342874,5012,1,30433895,272837,662858,206611,218009,975767,1230682,34790,8065,507170,21387,1301860,315778,9,67852,88640,5041007,185723,32914,117248,15598,63667,295161,7429778,23671,600916,16104,1007895,287421,1272383,232819,171059,5121,1001133,8702411,2215566,15627,9508,266463,346733,1478634,399449,1576704,5988,1030658,46792,807453,4484651,4075524,6400331,5566708,493405,3331005,21855727,133170,6596,29882,9589,16594,23521,6280,828917,88910,2484855,50665,7760,2222006,2663604,1325505,24575,27324,4060349,18368,13755956,672021,63775,865,82227,2697159,4409828,57461,9925158,17786,42775,4727831,23418,39364,16801,188511,1150606,17042722,2805,103136077,170464,5693003,1051079,24574817,1033766,250873,12014,551911,11526810,703228,535,11945,342317,263642
2/20/2023,209153,334315,271426,47866,105184,11,9106,10043308,446332,11347698,5866420,828358,37491,704738,2037738,106434,994037,4708273,70740,27990,62611,1192204,401527,329662,36987682,277441,1296299,22056,633901,53609,63239,138708,124328,4593129,15368,7675,5150626,4903521,6356468,8997,25073,95646,1194584,88114,1268604,1112553,647031,4601177,3449055,712,15690,15760,660492,1056578,515698,201785,17222,10189,614548,74199,499872,68876,1461583,39795116,48981,12586,1822045,38018111,171160,5548487,19680,1234069,38267,8953,73052,34143,29,471557,2194102,208921,44686358,6734334,7566803,2465545,1702523,4794287,25547414,154065,33120094,1746997,1497449,342874,5012,1,30445775,272851,662858,206611,218012,975822,1231040,34790,8065,507171,21387,1301903,315778,9,67852,88640,5041174,185729,32918,117248,15598,63667,295161,7429778,23671,600916,16108,1007895,287559,1272386,233098,171059,5247,1001135,8702411,2215568,15627,9508,266463,346733,1478672,399449,1576736,5988,1030658,46792,807453,4484810,4075545,6400611,5566708,493490,3335131,21867696,133170,6596,29882,9589,16594,23521,6280,828983,88910,2485825,50665,7760,2222006,2663620,1325590,24575,27324,4061085,18368,13755956,672022,63775,865,82227,2697159,4409828,57463,9937216,17786,42775,4727831,23418,39366,16801,188511,1150606,17042722,2805,103138119,170478,5693110,1051162,24574817,1034046,250873,12014,551911,11526825,703228,535,11945,342724,263642
2/21/2023,209181,334336,271428,47866,105184,11,9106,10043308,446332,11347698,5871234,828395,37491,705135,2037738,106645,994037,4708273,70740,27990,62611,1192246,401527,329662,36987682,277441,1296380,22056,633901,53609,63239,138712,124328,4593925,15368,7675,5151881,4903523,6356468,8997,25073,95646,1194584,88114,1268666,1112553,647031,4602994,3449219,712,15690,15760,660492,1056578,515698,201785,17222,10189,614848,74199,499890,68876,1461583,39800890,48981,12586,1822045,38043874,171160,5548487,19680,1234475,38267,8953,73062,34143,29,471557,2194102,208999,44686483,6734606,7567161,2465545,1702523,4795621,25547414,154065,33139504,1746997,1497449,342874,5012,1,30458857,272866,662858,206611,218012,975847,1231040,34790,8065,507171,21387,1302560,315778,9,67852,88640,5041358,185729,32946,117338,15598,63667,295161,7430816,23671,603750,16108,1007895,287668,1272400,233098,171059,5247,1001135,8704407,2215578,15627,9508,266463,346733,1478719,399449,1576736,5988,1030658,46792,807453,4484903,4075611,6404036,5566708,493560,3335131,21878868,133170,6596,29882,9589,16594,23521,6281,829041,88910,2486920,50665,7760,2222006,2663896,1326046,24575,27324,4061085,18368,13755956,672023,63775,865,82227,2697159,4411059,57463,9954456,17786,42775,4727831,23418,39367,16801,188737,1150793,17042722,2805,103198669,170478,5693215,1051241,24574823,1034046,250873,12014,551928,11526834,703228,535,11945,342782,263642
2/22/2023,209181,334336,271431,47866,105205,11,9106,10043308,446819,11347698,5878713,828426,37491,705444,2037773,106645,994037,4708273,70740,27990,62615,1192283,401575,329662,36997328,277992,1296450,22056,633903,53609,63240,138713,124328,4595042,15368,7675,5154016,4903523,6356468,8998,25077,95646,1199055,88138,1268666,1112561,647031,4604427,3449339,712,15690,15760,660533,1056578,515698,201785,17229,10189,614852,74199,499903,68876,1461583,39805492,48981,12586,1825598,38068912,171167,5548487,19680,1234843,38267,8953,73062,34143,29,471557,2194969,208999,44686676,6734818,7567421,2465545,1703244,4795878,25547414,154065,33158158,1746997,1497449,342900,5013,1,30469702,272905,663456,206633,218014,975884,1231303,34790,8065,507171,21387,1303028,315945,9,67852,88681,5041587,185729,32963,117338,15598,63667,295440,7435066,23671,603750,16108,1007896,287772,1272411,233098,171121,5247,1001137,8704407,2215578,15627,9508,266463,346733,1478767,399449,1576736,5988,1030658,46792,807453,4484769,4075757,6406799,5566708,493639,3335131,21892777,133170,6596,29882,9589,16607,23536,6281,829095,88917,2487935,50665,7760,2222006,2664186,1326369,24575,27324,4061085,18368,13755956,672024,63787,865,82227,2697159,4411059,57463,9970937,17786,42823,4727831,23418,39367,16801,188737,1150793,17042722,2805,103308832,170478,5693260,1051336,24574831,1034046,250932,12014,551940,11526858,703228,535,11945,342831,263921
2/23/2023,209215,334345,271432,47866,105205,11,9106,10043308,446819,11365396,5884691,828449,37491,705830,2037773,106645,994037,4717655,70740,27990,62615,1192358,401575,329662,37008944,277992,1296533,22056,633905,53609,63240,138713,124328,4599334,15368,7675,5156519,4903523,6356468,8998,25077,95646,1199055,88138,1268666,1112567,647031,4605644,3449477,712,15690,15760,660533,1056578,515698,201785,17229,10189,614852,74199,499903,68876,1462169,39809981,48981,12586,1825598,38090089,171167,5548487,19680,1235082,38267,8953,73062,34143,29,471557,2194969,208999,44686842,6735033,7567473,2465545,1703244,4796663,25547414,154065,33173351,1746997,1497449,342900,5013,1,30479753,272936,663456,206633,218014,975903,1231303,34790,8065,507171,21395,1303362,315945,9,67852,88681,5041811,185729,32977,117338,15598,63667,295440,7443151,23671,603750,16108,1007896,287891,1272418,233098,171121,5247,1001138,8704407,2215578,15627,9508,266463,346852,1478817,399449,1576795,5988,1031014,46792,807453,4484769,4075812,6409609,5566708,493724,3335131,21907416,133170,6596,29882,9589,16607,23536,6281,829137,88917,2488870,50665,7760,2222006,2664397,1326746,24575,27324,4061085,18368,13755956,672025,63787,865,82227,2697827,4411059,57463,9970937,17786,42823,4727831,23418,39367,16801,188737,1150793,17042722,2805,103365511,170478,5693342,1051457,24603370,1034046,250932,12014,551954,11526870,703228,535,11945,342831,263921
2/24/2023,209230,334356,271436,47866,105205,11,9106,10043308,446819,11366361,5891036,828477,37491,706013,2037773,106645,994037,4717655,70740,27990,62615,1192514,401575,329662,37020531,277992,1296614,22056,633906,53609,63240,138714,124328,4600064,15368,7675,5158953,4903523,6357173,8998,25077,95646,1199055,88158,1268666,1112572,649093,4606824,3449604,712,15690,15760,660533,1056578,515698,201785,17229,10189,614852,74199,499948,68876,1462169,39813898,48981,12586,1825598,38111063,171172,5548487,19680,1235447,38267,8953,73066,34143,29,471557,2194969,208999,44687025,6735269,7567560,2465545,1703244,4797226,25576852,154065,33179863,1746997,1497449,342900,5013,1,30489666,272965,663456,206633,218015,975928,1231456,34790,8065,507171,21395,1303681,315945,9,67852,88681,5042015,185729,32989,117338,15598,63667,295440,7443151,23671,603750,16108,1007896,287987,1272435,233098,171121,5247,1001139,8706836,2215578,15627,9508,266463,346852,1478865,399449,1576795,5988,1031014,46792,808327,4485282,4076014,6412259,5566708,493724,3335131,21921113,133170,6596,29882,9589,16607,23536,6281,829185,88917,2489711,50665,7760,2222006,2664595,1327075,24575,27324,4061383,18368,13763336,672026,63787,865,82227,2697827,4411059,57463,9970937,17786,42823,4727831,23418,39371,16801,188737,1150793,17042722,2805,103378408,170478,5693474,1051589,24603373,1034046,250932,12014,551954,11526881,703228,535,11945,342831,263921
2/25/2023,209246,334373,271439,47866,105205,11,9106,10043308,446819,11366361,5897047,828492,37491,706250,2037773,106645,994037,4717655,70740,27990,62615,1192696,401575,329662,37020531,277992,1296642,22056,633907,53609,63240,138714,124328,4600513,15368,7675,5161209,4903524,6357173,8998,25077,95646,1199055,88182,1268666,1112578,649093,4607883,3449604,712,15690,15760,660533,1056578,515698,201785,17229,10189,614852,74199,499959,68889,1462169,39813898,48981,12586,1825598,38111063,171172,5548487,19680,1235918,38267,8953,73066,34143,29,471557,2194969,208999,44687243,6735451,7567619,2465545,1703244,4797557,25576852,154065,33194709,1746997,1497449,342900,5013,1,30489666,273002,663456,206633,218015,975928,1231577,34790,8065,507171,21395,1304023,315945,9,67852,88681,5042188,185729,32997,117338,15598,63667,295440,7443151,23671,603750,16108,1007896,288088,1272442,233098,171121,5247,1001140,8706836,2215578,15627,9508,266463,346852,1478888,399449,1576795,5988,1031014,46792,808327,4485616,4076064,6414853,5566708,493724,3335131,21932062,133170,6596,29882,9589,16607,23536,6281,829228,88917,2490311,50665,7760,2222006,2664862,1327413,24575,27324,4061383,18368,13763336,672026,63787,865,82227,2697827,4411059,57463,9970937,17786,42823,4727831,23418,39371,16801,188737,1150793,17042722,2805,103381157,170478,5693596,1051732,24603373,1034046,250932,12014,551957,11526891,703228,535,11945,342831,263921
2/26/2023,209274,334378,271440,47866,105205,11,9106,10043308,446819,11366361,5901938,828512,37491,706250,2037773,106645,994037,4717655,70740,27990,62615,1192888,401575,329662,37020531,277992,1296668,22056,633911,53609,63240,138714,124328,4600840,15368,7675,5163316,4903524,6357173,8998,25077,95646,1199055,88182,1268666,1112583,649093,4608022,3449604,712,15690,15760,660533,1056578,515698,201785,17229,10189,614852,74199,499959,68889,1462169,39813898,48981,12586,1825598,38111063,171172,5548487,19680,1235970,38267,8953,73066,34143,29,472116,2194969,208999,44687428,6735628,7567702,2465545,1703244,4798142,25576852,154065,33207108,1746997,1497449,342900,5013,1,30502904,273034,663456,206633,218015,975928,1231713,34790,8065,507171,21395,1304062,315945,9,67865,88681,5042395,185729,32998,117338,15598,63667,295440,7450992,23671,603750,16108,1007896,288088,1272445,233098,171121,5247,1001140,8706836,2224660,15627,9508,266463,346852,1478907,399449,1576938,5988,1031014,46792,808327,4485616,4076237,6415280,5566708,493936,3335131,21941582,133170,6596,29882,9589,16607,23536,6281,829287,88917,2490810,50665,7760,2222006,2664926,1327516,24575,27324,4061383,18368,13763336,672027,63787,865,82227,2697827,4411059,57463,9970937,17786,42823,4728035,23418,39374,16801,188737,1150793,17042722,2805,103382763,170478,5693650,1051862,24603373,1034046,250932,12014,551974,11526901,703228,535,11945,342831,263921
2/27/2023,209308,334380,271440,47866,105255,11,9106,10044125,446819,11366361,5905405,828512,37491,707105,2037773,106645,994037,4717655,70757,27990,62615,1192933,401575,329727,37038230,277992,1296773,22056,633914,53609,63243,138715,124392,4602030,15368,7678,5164922,4903524,6357173,8998,25077,95646,1199055,88185,1268992,1112593,649093,4608120,3449854,712,15690,15760,660533,1056578,515698,201785,17229,10189,614852,74199,499974,68889,1462169,39821524,48981,12586,1825598,38144033,171172,5548487,19680,1235996,38267,8953,73066,34143,29,472116,2194969,208999,44687597,6735780,7567824,2465545,1703244,4798645,25576852,154065,33212438,1746997,1498668,342912,5013,1,30513721,273046,663456,206633,218015,975977,1231840,34790,8077,507174,21413,1304114,315945,9,67865,88681,5042585,185732,33002,117338,15598,63667,295440,7450992,23671,603750,16108,1007896,288197,1272446,233098,171121,5247,1001143,8706836,2224660,15627,9508,266593,346852,1478979,399449,1576961,5988,1031273,46792,808327,4485753,4076237,6415711,5566708,494056,3340342,21951059,133180,6596,29882,9589,16607,23536,6281,829388,88917,2491704,50665,7760,2226397,2664972,1327597,24575,27324,4063237,18368,13763336,672029,63787,865,82227,2697827,4411059,57467,9970937,17786,42823,4728035,23418,39377,16801,188737,1150793,17042722,2805,103399827,170504,5693753,1051930,24603373,1034303,250932,12014,551974,11526905,703228,535,11945,342831,263921
2/28/2023,209322,334391,271441,47866,105255,11,9106,10044125,446819,11366361,5911294,828548,37491,707480,2037773,106645,994037,4717655,70757,27990,62615,1193009,401575,329727,37052936,277992,1296853,22056,633918,53609,63244,138717,124392,4602806,15368,7678,5166328,4903524,6357173,8998,25077,95646,1199055,88197,1268992,1112598,649093,4609820,3449989,712,15690,15760,660533,1056578,515698,201785,17229,10189,615119,74199,499986,68889,1462169,39827175,48981,12586,1825598,38168908,171172,5548487,19680,1236406,38267,8953,73069,34143,29,472116,2194969,209093,44687837,6736046,7567906,2465545,1703244,4799274,25576852,154065,33227230,1746997,1498668,342912,5013,1,30526012,273059,663456,206633,218015,975999,1231840,34790,8077,507174,21421,1304750,315945,9,67865,88681,5042791,185732,33018,117477,15598,63667,295440,7451429,23671,603750,16106,1007896,288280,1272454,233098,171156,5247,1001145,8708982,2224660,15627,9508,266593,346852,1479032,399449,1576998,5988,1031273,46792,808327,4486034,4076307,6419480,5566708,494056,3340342,21960719,133180,6596,29882,9589,16607,23536,6281,829478,88917,2492563,50665,7760,2226397,2665303,1328222,24575,27324,4063573,18368,13763336,672030,63787,865,82227,2697827,4412439,57467,9970937,17786,42823,4728035,23418,39377,16801,189296,1150962,17042722,2805,103443455,170504,5693846,1051998,24603373,1034303,250932,12014,551981,11526917,703228,535,11945,343012,263921
3/1/2023,209340,334408,271448,47875,105277,11,9106,10044125,446819,11366361,5919616,828588,37491,707828,2037829,106645,994037,4717655,70757,27990,62620,1193256,401636,329727,37063464,278698,1296853,22056,633925,53631,63244,138717,124392,4603795,15368,7678,5169139,4903524,6358232,9001,25077,95749,1204164,88208,1268992,1112603,649093,4611001,3450101,712,15690,15760,660705,1057121,515698,201785,17229,10189,615128,74199,499986,68889,1462169,39831700,48981,12586,1825598,38189954,171172,5548487,19680,1236778,38267,8960,73069,34143,29,472116,2195926,209093,44688105,6736298,7568903,2465545,1703850,4799631,25576852,154196,33241180,1746997,1498668,342919,5013,1,30533573,273108,663456,206673,218017,976031,1232063,34790,8090,507174,21421,1305163,316601,9,67865,88702,5043008,185732,33034,117477,15618,63668,295440,7459860,23948,607450,16115,1007897,288361,1272459,233098,171156,5247,1001148,8709011,2224662,15638,9508,266598,346852,1479087,399449,1577030,5989,1031273,46809,808327,4486282,4076418,6422467,5568084,494271,3340342,21974098,133180,6596,30004,9589,16607,23583,6281,829554,88921,2492563,50665,7760,2230868,2665548,1328673,24575,27324,4063863,18368,13763336,672031,63809,865,82467,2697827,4412439,57467,9970937,17786,42846,4728035,23418,39377,16807,189296,1150962,17042722,2805,103533872,170504,5701249,1052122,24603450,1034303,251071,12014,551986,11526926,703228,535,11945,343012,264127
3/2/2023,209358,334408,271463,47875,105277,11,9106,10044125,446819,11384901,5926148,828628,37491,708061,2037829,106645,994037,4727795,70757,27990,62620,1193418,401636,329727,37063464,278698,1296913,22056,633935,53631,63244,138719,124392,4608456,15368,7678,5172090,4903524,6358232,9001,25077,95749,1204164,88208,1268992,1112609,649093,4611985,3450223,712,15690,15760,660705,1057121,515698,201785,17229,10189,615128,74199,500014,68897,1462976,39835896,48981,12586,1825598,38202571,171172,5548487,19680,1237086,38267,8960,73069,34143,29,472116,2195926,209093,44688388,6736576,7569261,2465545,1703850,4800388,25576852,154196,33252686,1746997,1498668,342919,5013,1,30543981,273143,663456,206673,218017,976051,1232063,34790,8090,507174,21421,1305543,316601,9,67865,88702,5043252,185732,33045,117477,15618,63668,295440,7459860,23948,607450,16115,1007897,288423,1272471,233098,171156,5247,1001149,8709011,2224662,15638,9508,266598,346852,1479149,399449,1577072,5989,1031273,46809,808327,4484769,4076570,6425500,5568084,494377,3340342,21988110,133180,6596,30004,9589,16607,23583,6281,829624,88921,2494381,50665,7760,2230868,2665765,1329079,24575,27324,4064457,18368,13763336,672031,63809,865,82467,2698535,4412439,57467,9970937,17786,42846,4728035,23418,39382,16807,189296,1150962,17042722,2805,103589757,170504,5701333,1052247,24629830,1034303,251071,12014,551986,11526937,703228,535,11945,343079,264127
3/3/2023,209362,334427,271469,47875,105277,11,9106,10044125,446819,11385534,5931247,828648,37491,708532,2037829,106645,994037,4727795,70757,27990,62620,1193650,401636,329727,37081209,278698,1297006,22056,633935,53631,63244,138719,124392,4609042,15368,7678,5174951,4903524,6358232,9001,25077,95749,1204164,88231,1268992,1112613,650685,4612903,3450336,712,15690,15760,660705,1057121,515698,201785,17229,10189,615128,74199,500031,68897,1462976,39839090,48981,12586,1825598,38210850,171172,5548487,19680,1237335,38267,8960,73075,34143,29,472219,2195926,209093,44688722,6736787,7569483,2465545,1703850,4800904,25603510,154196,33263208,1746997,1498668,342919,5013,1,30555102,273176,663456,206673,218019,976095,1232301,34790,8090,507174,21426,1305902,316601,9,67865,88702,5043456,185732,33051,117477,15618,63668,295440,7459860,23948,607450,16115,1007897,288490,1272477,233098,171156,5247,1001149,8710897,2224672,15638,9508,266598,346852,1479208,399449,1577072,5989,1031273,46809,808401,4486665,4076704,6428783,5568084,494377,3340342,22002485,133180,6597,30004,9589,16607,23583,6281,829624,88921,2495185,50665,7760,2230868,2666004,1329386,24575,27324,4064889,18368,13770429,672032,63809,865,82467,2698535,4412439,57467,9970937,17786,42846,4728035,23418,39382,16807,189296,1150962,17042722,2805,103648690,170504,5701474,1052382,24629840,1034303,251071,12014,552014,11526950,703228,535,11945,343079,264127
3/4/2023,209369,334427,271469,47875,105277,11,9106,10044125,446819,11385534,5936666,828682,37491,708768,2037829,106645,994037,4727795,70757,27990,62620,1193815,401636,329727,37081209,278698,1297037,22056,633945,53631,63244,138719,124392,4609458,15368,7678,5177770,4903524,6358232,9001,25077,95749,1204164,88240,1268992,1112622,650685,4613882,3450336,712,15690,15760,660705,1057121,515698,201785,17229,10189,615128,74199,500039,68897,1462976,39839090,48981,12586,1825598,38210850,171172,5548487,19680,1237550,38267,8960,73075,34202,29,472219,2195926,209093,44689046,6736994,7569769,2465545,1703850,4801221,25603510,154196,33273639,1746997,1498668,342919,5013,1,30555102,273202,663456,206673,218020,976095,1232301,34790,8090,507174,21426,1306273,316601,9,67865,88702,5043626,185732,33051,117477,15618,63668,295440,7470128,23948,607450,16115,1007897,288552,1272486,233098,171156,5247,1001149,8710897,2224672,15638,9508,266598,346852,1479235,399449,1577072,5989,1031273,46809,808401,4486832,4076866,6431888,5568084,494377,3340342,22016406,133180,6597,30004,9589,16607,23583,6281,829730,88921,2495808,50665,7760,2230868,2666342,1329775,24575,27324,4064889,18368,13770429,672032,63809,865,82467,2698535,4412439,57467,9970937,17786,42846,4728035,23418,39390,16807,189296,1150962,17042722,2805,103650837,170504,5701602,1052519,24629840,1034303,251071,12014,552051,11526962,703228,535,11945,343079,264127
3/5/2023,209390,334427,271477,47875,105277,11,9106,10044125,446819,11385534,5940935,828721,37491,709230,2037829,106645,994037,4727795,70757,27990,62620,1193908,401636,329727,37081209,278698,1297062,22056,633946,53631,63244,138719,124392,4609751,15368,7678,5180329,4903524,6358232,9001,25077,95749,1204164,88240,1268992,1112625,650685,4614022,3450336,712,15690,15760,660705,1057121,515698,201785,17229,10189,615128,74267,500050,68897,1462976,39839090,48981,12586,1825598,38210851,171209,5548487,19680,1237564,38267,8960,73075,34202,29,472219,2195926,209093,44689327,6737159,7570232,2465545,1703850,4801502,25603510,154196,33282370,1746997,1498668,342919,5013,1,30569215,273223,663456,206673,218020,976095,1232517,34790,8090,507174,21426,1306327,316601,9,67889,88702,5043790,185732,33053,117477,15618,63668,295440,7470653,23948,607450,16115,1007897,288552,1272487,233098,171156,5247,1001149,8710897,2236111,15638,9508,266598,346852,1479259,399449,1577213,5989,1031273,46809,808401,4486832,4077002,6432315,5568084,494522,3340342,22029824,133180,6597,30004,9589,16607,23583,6281,829784,88921,2496295,50665,7760,2230868,2666373,1329877,24575,27324,4064889,18368,13770429,672034,63809,865,82467,2698535,4412439,57467,9970937,17786,42846,4728182,23418,39394,16807,189296,1150962,17042722,2805,103646975,170504,5701743,1052664,24629840,1034303,251071,12014,552051,11526966,703228,535,11945,343135,264127
3/6/2023,209406,334427,271477,47875,105277,11,9106,10044957,446819,11385534,5943417,828730,37491,709230,2037829,106645,994037,4727795,70757,27990,62620,1193970,401636,329727,37076053,278698,1297243,22056,633947,53631,63244,138719,124392,4611428,15368,7678,5182360,4903524,6358232,9001,25077,95749,1204164,88246,1269326,1112631,650685,4614143,3450587,712,15690,15760,660705,1057121,515698,201785,17229,10189,615128,74267,500060,68897,1462976,39847236,48981,12586,1825598,38210851,171209,5548487,19680,1237575,38267,8960,73075,34202,29,472250,2195926,209093,44689593,6737303,7570743,2465545,1703850,4801502,25603510,154196,33286633,1746997,1498668,342919,5013,1,30581499,273224,663456,206673,218020,976162,1232517,34790,8090,507187,21426,1306368,316601,9,67889,88702,5043978,185738,33056,117477,15618,63668,295440,7470653,23948,607450,16121,1007897,288630,1272490,233098,171156,5247,1001149,8710897,2236113,15638,9508,266598,346852,1479334,399449,1577243,5989,1031731,46809,808401,4486934,4077109,6432765,5568084,494737,3346046,22040875,133180,6597,30004,9589,16607,23583,6281,829882,88921,2497248,50665,7760,2230868,2666427,1329975,24575,27324,4065857,18368,13770429,672034,63809,865,82467,2698535,4412439,57467,9970937,17786,42846,4728182,23418,39394,16807,189296,1150962,17042722,2805,103655539,170504,5701855,1052664,24629840,1034303,251071,12014,552125,11526966,703228,535,11945,343135,264127
3/7/2023,209436,334427,271490,47875,105277,11,9106,10044957,446819,11385534,5949418,828783,37491,709858,2037829,106645,994037,4727795,70757,27999,62620,1194069,401636,329758,37076053,278698,1297358,22056,633949,53631,63244,138719,124392,4612219,15368,7679,5184582,4903524,6358232,9001,25077,95749,1204164,88255,1269326,1112631,650685,4615945,3450757,712,15690,15760,660705,1057121,515698,201785,17229,10189,615423,74267,500085,68897,1462976,39854299,48981,12598,1825598,38231610,171229,5548487,19680,1237789,38267,8960,73075,34202,29,472250,2195926,209137,44689919,6737606,7571352,2465545,1703850,4801502,25603510,154196,33298799,1746997,1498668,342932,5013,1,30594297,273257,663456,206673,218020,976188,1232517,34790,8090,507187,21426,1307021,316601,9,67889,88702,5044204,185738,33059,117610,15618,63668,295440,7475219,23948,607450,16121,1007897,288682,1272490,233214,171156,5247,1001149,8712835,2236113,15638,9508,266598,346852,1479392,399449,1577288,5989,1031731,46809,808401,4486934,4077183,6437598,5568084,494868,3346046,22051220,133180,6597,30004,9589,16607,23616,6281,829955,88921,2498315,50665,7760,2230868,2666915,1330654,24575,27324,4066044,18368,13770429,672036,63809,865,82467,2698535,4413911,57467,9970937,17786,42846,4728182,23418,39394,16807,189918,1151126,17042722,2805,103690910,170504,5701959,1052926,24629846,1034303,251071,12014,552157,11526986,703228,535,11945,343135,264127
3/8/2023,209451,334443,271494,47890,105288,11,9106,10044957,447308,11385534,5955860,828819,37491,710306,2037871,106645,994037,4727795,70757,27999,62627,1194187,401729,329758,37076053,279661,1297451,22056,633949,53631,63244,138719,124392,4613054,15368,7679,5188380,4903524,6359093,9008,25087,95749,1209725,88255,1269326,1112637,650685,4617114,3450897,712,15690,15760,660790,1057121,515759,201785,17229,10189,615433,74267,500102,68897,1462976,39860410,48981,12598,1827537,38241231,171229,5548487,19680,1238049,38267,8960,73075,34202,29,472250,2196804,209137,44690298,6737918,7571996,2465545,1704502,4803164,25603510,154287,33310604,1746997,1498668,342937,5014,1,30605187,273291,663860,206708,218023,976228,1232649,34790,8090,507187,21432,1307448,317367,9,67889,88707,5044439,185738,33061,117610,15649,63668,296042,7479635,23948,611140,16121,1007900,288752,1272490,233214,171156,5247,1001150,8712835,2236113,15655,9508,266598,346852,1479453,399449,1577338,5991,1031731,46825,808401,4487553,4077302,6441501,5570473,494982,3346046,22063473,133194,6597,30004,9589,16607,23616,6281,830044,88926,2499269,50665,7760,2235294,2667289,1331196,24575,27324,4066641,18368,13770429,672037,63829,865,82467,2698535,4413911,57467,9970937,17786,42906,4728182,23419,39396,16810,189918,1151126,17042722,2805,103755771,170544,5711818,1053068,24629922,1034303,251247,12014,552157,11526994,703228,535,11945,343135,264276
3/9/2023,209451,334457,271496,47890,105288,11,9106,10044957,447308,11399460,5961143,828825,37491,710693,2037871,106798,994037,4739365,70757,27999,62627,1194277,401729,329758,37076053,279661,1297523,22056,633950,53631,63244,138719,124392,4617095,15368,7679,5192286,4903524,6359093,9008,25087,95749,1209725,88263,1269326,1112643,650685,4618256,3451036,712,15690,15760,660790,1057121,515759,201785,17229,10189,615433,74267,500116,68898,1463644,39866718,48981,12598,1827537,38249060,171229,5548487,19680,1238247,38267,8960,73075,34202,29,472250,2196804,209137,44690738,6738225,7572311,2465545,1704502,4803824,25603510,154416,33320438,1746997,1498668,342937,5014,1,30615522,273312,663860,206708,218023,976255,1232828,34790,8090,507187,21432,1307448,317367,9,67889,88707,5044718,185738,33062,117610,15649,63668,296042,7483444,23948,611140,16121,1007900,288808,1272490,233214,171156,5247,1001154,8712835,2236114,15655,9508,266598,346852,1479506,399449,1577411,5991,1031731,46825,808401,4487553,4077452,6444960,5570473,495090,3346046,22075858,133194,6597,30004,9589,16607,23616,6281,830127,88926,2500142,50665,7760,2235294,2667551,1331707,24575,27324,4067067,18368,13770429,672039,63829,865,82467,2699339,4413911,57467,9970937,17786,42906,4728182,23419,39396,16810,189918,1151126,17042722,2805,103802702,170544,5711929,1053213,24658705,1034303,251247,12014,552162,11526994,703228,535,11945,343135,264276
5/5/2023,209451,334457,271496,47890,105288,11,9106,10044957,447308,11399460,5961143,828825,37491,710693,2037871,106798,994037,4739365,70757,27999,62627,1194277,401729,329758,37076053,279661,1297523,22056,633950,53631,63244,138719,124392,4617095,15368,7679,5192286,4903524,6359093,9008,25087,95749,1209725,88263,1269326,1112643,650685,4618256,3451036,712,15690,15760,660790,1057121,515759,201785,17229,10189,615433,74267,500116,68898,1463644,39866718,48981,12598,1827537,38249060,171229,5548487,19680,1238247,38267,8960,73075,34202,29,472250,2196804,209137,44690738,6738225,7572311,2465545,1704502,4803824,25603510,154416,33320438,1746997,1498668,342937,5014,1,30615522,273312,663860,206708,218023,976255,1232828,34790,8090,507187,21432,1307448,317367,9,67889,88707,5044718,185738,33062,117610,15649,63668,296042,7483444,23948,611140,16121,1007900,288808,1272490,233214,171156,5247,1001154,8712835,2236114,15655,9508,266598,346852,1479506,399449,1577411,5991,1031731,46825,808401,4487553,4077452,6444960,5570473,495090,3346046,22075858,133194,6597,30004,9589,16607,23616,6281,830127,88926,2500142,50665,7760,2235294,2667551,1331707,24575,27324,4067067,18368,13770429,672039,63829,865,82467,2699339,4413911,57467,9970937,17786,42906,4728182,23419,39396,16810,189918,1151126,17042722,2805,103802702,170544,5711929,1053213,24658705,1034303,251247,12014,552162,11526994,703228,535,11945,343135,264276
